3/14,+-+++---,(+x^0-x^1)*(1-x^6) +(+x^2+x^3+x^4-x^5-x^6-x^7),6
5/28,+-++---++,(+x^0-x^1+x^2)*(1-x^6) +(+x^3-x^4-x^5-x^6+x^7+x^8),6
13/56,+-++++---+,(+x^0-x^1+x^2+x^3)*(1-x^6) +(+x^4+x^5-x^6-x^7-x^8+x^9),6
21/56,+--+,(+x^0-x^1-x^2)*(1-x) +(+x^3),1
19/112,+-++--+++--,(+x^0-x^1+x^2+x^3-x^4)*(1-x^6) +(-x^5+x^6+x^7+x^8-x^9-x^10),6
21/112,+-++-,(+x^0-x^1+x^2+x^3)*(1-x) +(-x^4),1
23/112,+-+++-+-+-+,(+x^0-x^1+x^2+x^3+x^4)*(1-x^6) +(-x^5+x^6-x^7+x^8-x^9+x^10),6
25/112,+-+++-+-+-+,(+x^0-x^1+x^2+x^3+x^4)*(1-x^6) +(-x^5+x^6-x^7+x^8-x^9+x^10),6
27/112,+-+++++---+,(+x^0-x^1+x^2+x^3+x^4)*(1-x^6) +(+x^5+x^6-x^7-x^8-x^9+x^10),6
41/112,+--++++---+,(+x^0-x^1-x^2+x^3+x^4)*(1-x^6) +(+x^5+x^6-x^7-x^8-x^9+x^10),6
49/112,+---+,(+x^0-x^1-x^2-x^3)*(1-x) +(+x^4),1
41/224,+-++----+++-,(+x^0-x^1+x^2+x^3-x^4-x^5)*(1-x^6) +(-x^6-x^7+x^8+x^9+x^10-x^11),6
47/224,+-+++--+++--,(+x^0-x^1+x^2+x^3+x^4-x^5)*(1-x^6) +(-x^6+x^7+x^8+x^9-x^10-x^11),6
49/224,+-+++-,(+x^0-x^1+x^2+x^3+x^4)*(1-x) +(-x^5),1
51/224,+-++++-+-+-+,(+x^0-x^1+x^2+x^3+x^4+x^5)*(1-x^6) +(-x^6+x^7-x^8+x^9-x^10+x^11),6
53/224,+-++++-+-+-+,(+x^0-x^1+x^2+x^3+x^4+x^5)*(1-x^6) +(-x^6+x^7-x^8+x^9-x^10+x^11),6
55/224,+-++++++---+,(+x^0-x^1+x^2+x^3+x^4+x^5)*(1-x^6) +(+x^6+x^7-x^8-x^9-x^10+x^11),6
83/224,+--+++++---+,(+x^0-x^1-x^2+x^3+x^4+x^5)*(1-x^6) +(+x^6+x^7-x^8-x^9-x^10+x^11),6
91/224,+--+-+,(+x^0-x^1-x^2+x^3-x^4)*(1-x) +(+x^5),1
97/224,+---+++-+,(+x^0-x^1-x^2-x^3+x^4+x^5)*(1-x^3) +(+x^6-x^7+x^8),3
75/448,+-++--++---++,(+x^0-x^1+x^2+x^3-x^4-x^5+x^6)*(1-x^6) +(+x^7-x^8-x^9-x^10+x^11+x^12),6
77/448,+-++--+,(+x^0-x^1+x^2+x^3-x^4-x^5)*(1-x) +(+x^6),1
79/448,+-++---+-+-+-,(+x^0-x^1+x^2+x^3-x^4-x^5-x^6)*(1-x^6) +(+x^7-x^8+x^9-x^10+x^11-x^12),6
81/448,+-++---+-+-+-,(+x^0-x^1+x^2+x^3-x^4-x^5-x^6)*(1-x^6) +(+x^7-x^8+x^9-x^10+x^11-x^12),6
83/448,+-++-----+++-,(+x^0-x^1+x^2+x^3-x^4-x^5-x^6)*(1-x^6) +(-x^7-x^8+x^9+x^10+x^11-x^12),6
89/448,+-++-+--+++--,(+x^0-x^1+x^2+x^3-x^4+x^5-x^6)*(1-x^6) +(-x^7+x^8+x^9+x^10-x^11-x^12),6
91/448,+-+++-+,(+x^0-x^1+x^2+x^3+x^4-x^5)*(1-x) +(+x^6),1
93/448,+-+++--+-+-+-,(+x^0-x^1+x^2+x^3+x^4-x^5-x^6)*(1-x^6) +(+x^7-x^8+x^9-x^10+x^11-x^12),6
95/448,+-+++--+-+-+-,(+x^0-x^1+x^2+x^3+x^4-x^5-x^6)*(1-x^6) +(+x^7-x^8+x^9-x^10+x^11-x^12),6
97/448,+-+++----+++-,(+x^0-x^1+x^2+x^3+x^4-x^5-x^6)*(1-x^6) +(-x^7-x^8+x^9+x^10+x^11-x^12),6
99/448,+-+++-+-+-+-+,(+x^0-x^1+x^2+x^3+x^4-x^5+x^6)*(1-x^6) +(-x^7+x^8-x^9+x^10-x^11+x^12),6
101/448,+-+++-+---+++,(+x^0-x^1+x^2+x^3+x^4-x^5+x^6)*(1-x^6) +(-x^7-x^8-x^9+x^10+x^11+x^12),6
103/448,+-++++--+++--,(+x^0-x^1+x^2+x^3+x^4+x^5-x^6)*(1-x^6) +(-x^7+x^8+x^9+x^10-x^11-x^12),6
105/448,+-++++-,(+x^0-x^1+x^2+x^3+x^4+x^5)*(1-x) +(-x^6),1
107/448,+-+++++-+-+-+,(+x^0-x^1+x^2+x^3+x^4+x^5+x^6)*(1-x^6) +(-x^7+x^8-x^9+x^10-x^11+x^12),6
109/448,+-+++++-+-+-+,(+x^0-x^1+x^2+x^3+x^4+x^5+x^6)*(1-x^6) +(-x^7+x^8-x^9+x^10-x^11+x^12),6
111/448,+-+++++++---+,(+x^0-x^1+x^2+x^3+x^4+x^5+x^6)*(1-x^6) +(+x^7+x^8-x^9-x^10-x^11+x^12),6
161/448,+--+++-,(+x^0-x^1-x^2+x^3+x^4+x^5)*(1-x) +(-x^6),1
165/448,+--++++-+-+-+,(+x^0-x^1-x^2+x^3+x^4+x^5+x^6)*(1-x^6) +(-x^7+x^8-x^9+x^10-x^11+x^12),6
167/448,+--++++++---+,(+x^0-x^1-x^2+x^3+x^4+x^5+x^6)*(1-x^6) +(+x^7+x^8-x^9-x^10-x^11+x^12),6
189/448,+--+--+,(+x^0-x^1-x^2+x^3-x^4-x^5)*(1-x) +(+x^6),1
195/448,+---++++-+,(+x^0-x^1-x^2-x^3+x^4+x^5+x^6)*(1-x^3) +(+x^7-x^8+x^9),3
149/896,+-++--++-+-+-+,(+x^0-x^1+x^2+x^3-x^4-x^5+x^6+x^7)*(1-x^6) +(-x^8+x^9-x^10+x^11-x^12+x^13),6
151/896,+-++--++-+-+-+,(+x^0-x^1+x^2+x^3-x^4-x^5+x^6+x^7)*(1-x^6) +(-x^8+x^9-x^10+x^11-x^12+x^13),6
153/896,+-++--++++---+,(+x^0-x^1+x^2+x^3-x^4-x^5+x^6+x^7)*(1-x^6) +(+x^8+x^9-x^10-x^11-x^12+x^13),6
157/896,+-++---+---+++,(+x^0-x^1+x^2+x^3-x^4-x^5-x^6+x^7)*(1-x^6) +(-x^8-x^9-x^10+x^11+x^12+x^13),6
159/896,+-++---++---++,(+x^0-x^1+x^2+x^3-x^4-x^5-x^6+x^7)*(1-x^6) +(+x^8-x^9-x^10-x^11+x^12+x^13),6
161/896,+-++---+,(+x^0-x^1+x^2+x^3-x^4-x^5-x^6)*(1-x) +(+x^7),1
163/896,+-++----+-+-+-,(+x^0-x^1+x^2+x^3-x^4-x^5-x^6-x^7)*(1-x^6) +(+x^8-x^9+x^10-x^11+x^12-x^13),6
165/896,+-++----+-+-+-,(+x^0-x^1+x^2+x^3-x^4-x^5-x^6-x^7)*(1-x^6) +(+x^8-x^9+x^10-x^11+x^12-x^13),6
181/896,+-+++-++++---+,(+x^0-x^1+x^2+x^3+x^4-x^5+x^6+x^7)*(1-x^6) +(+x^8+x^9-x^10-x^11-x^12+x^13),6
183/896,+-+++-+-+-+-+-,(+x^0-x^1+x^2+x^3+x^4-x^5+x^6-x^7)*(1-x^6) +(+x^8-x^9+x^10-x^11+x^12-x^13),6
185/896,+-+++--+---+++,(+x^0-x^1+x^2+x^3+x^4-x^5-x^6+x^7)*(1-x^6) +(-x^8-x^9-x^10+x^11+x^12+x^13),6
187/896,+-+++--++---++,(+x^0-x^1+x^2+x^3+x^4-x^5-x^6+x^7)*(1-x^6) +(+x^8-x^9-x^10-x^11+x^12+x^13),6
189/896,+-+++--+,(+x^0-x^1+x^2+x^3+x^4-x^5-x^6)*(1-x) +(+x^7),1
191/896,+-+++---+-+-+-,(+x^0-x^1+x^2+x^3+x^4-x^5-x^6-x^7)*(1-x^6) +(+x^8-x^9+x^10-x^11+x^12-x^13),6
193/896,+-+++---+-+-+-,(+x^0-x^1+x^2+x^3+x^4-x^5-x^6-x^7)*(1-x^6) +(+x^8-x^9+x^10-x^11+x^12-x^13),6
195/896,+-+++-----+++-,(+x^0-x^1+x^2+x^3+x^4-x^5-x^6-x^7)*(1-x^6) +(-x^8-x^9+x^10+x^11+x^12-x^13),6
197/896,+-+++-+-+-+-+-,(+x^0-x^1+x^2+x^3+x^4-x^5+x^6-x^7)*(1-x^6) +(+x^8-x^9+x^10-x^11+x^12-x^13),6
199/896,+-+++-+-+++---,(+x^0-x^1+x^2+x^3+x^4-x^5+x^6-x^7)*(1-x^6) +(+x^8+x^9+x^10-x^11-x^12-x^13),6
201/896,+-+++-+--+++--,(+x^0-x^1+x^2+x^3+x^4-x^5+x^6-x^7)*(1-x^6) +(-x^8+x^9+x^10+x^11-x^12-x^13),6
203/896,+-++++-+,(+x^0-x^1+x^2+x^3+x^4+x^5-x^6)*(1-x) +(+x^7),1
205/896,+-++++--+-+-+-,(+x^0-x^1+x^2+x^3+x^4+x^5-x^6-x^7)*(1-x^6) +(+x^8-x^9+x^10-x^11+x^12-x^13),6
207/896,+-++++--+-+-+-,(+x^0-x^1+x^2+x^3+x^4+x^5-x^6-x^7)*(1-x^6) +(+x^8-x^9+x^10-x^11+x^12-x^13),6
209/896,+-++++----+++-,(+x^0-x^1+x^2+x^3+x^4+x^5-x^6-x^7)*(1-x^6) +(-x^8-x^9+x^10+x^11+x^12-x^13),6
211/896,+-++++-+-+-+-+,(+x^0-x^1+x^2+x^3+x^4+x^5-x^6+x^7)*(1-x^6) +(-x^8+x^9-x^10+x^11-x^12+x^13),6
213/896,+-++++-+---+++,(+x^0-x^1+x^2+x^3+x^4+x^5-x^6+x^7)*(1-x^6) +(-x^8-x^9-x^10+x^11+x^12+x^13),6
215/896,+-+++++--+++--,(+x^0-x^1+x^2+x^3+x^4+x^5+x^6-x^7)*(1-x^6) +(-x^8+x^9+x^10+x^11-x^12-x^13),6
217/896,+-+++++-,(+x^0-x^1+x^2+x^3+x^4+x^5+x^6)*(1-x) +(-x^7),1
219/896,+-++++++-+-+-+,(+x^0-x^1+x^2+x^3+x^4+x^5+x^6+x^7)*(1-x^6) +(-x^8+x^9-x^10+x^11-x^12+x^13),6
221/896,+-++++++-+-+-+,(+x^0-x^1+x^2+x^3+x^4+x^5+x^6+x^7)*(1-x^6) +(-x^8+x^9-x^10+x^11-x^12+x^13),6
223/896,+-++++++++---+,(+x^0-x^1+x^2+x^3+x^4+x^5+x^6+x^7)*(1-x^6) +(+x^8+x^9-x^10-x^11-x^12+x^13),6
327/896,+--+++-++---++,(+x^0-x^1-x^2+x^3+x^4+x^5-x^6+x^7)*(1-x^6) +(+x^8-x^9-x^10-x^11+x^12+x^13),6
329/896,+--++++-,(+x^0-x^1-x^2+x^3+x^4+x^5+x^6)*(1-x) +(-x^7),1
331/896,+--++++-+-+-+-,(+x^0-x^1-x^2+x^3+x^4+x^5+x^6-x^7)*(1-x^6) +(+x^8-x^9+x^10-x^11+x^12-x^13),6
333/896,+--+++++-+-+-+,(+x^0-x^1-x^2+x^3+x^4+x^5+x^6+x^7)*(1-x^6) +(-x^8+x^9-x^10+x^11-x^12+x^13),6
335/896,+--+++++++---+,(+x^0-x^1-x^2+x^3+x^4+x^5+x^6+x^7)*(1-x^6) +(+x^8+x^9-x^10-x^11-x^12+x^13),6
343/896,+--+-+-+,(+x^0-x^1-x^2+x^3-x^4+x^5-x^6)*(1-x) +(+x^7),1
363/896,+--+-+++++---+,(+x^0-x^1-x^2+x^3-x^4+x^5+x^6+x^7)*(1-x^6) +(+x^8+x^9-x^10-x^11-x^12+x^13),6
371/896,+--+-+-+,(+x^0-x^1-x^2+x^3-x^4+x^5-x^6)*(1-x) +(+x^7),1
389/896,+---++++-+-+-+,(+x^0-x^1-x^2-x^3+x^4+x^5+x^6+x^7)*(1-x^6) +(-x^8+x^9-x^10+x^11-x^12+x^13),6
391/896,+---+++++-+,(+x^0-x^1-x^2-x^3+x^4+x^5+x^6+x^7)*(1-x^3) +(+x^8-x^9+x^10),3
299/1792,+-++--++--+++--,(+x^0-x^1+x^2+x^3-x^4-x^5+x^6+x^7-x^8)*(1-x^6) +(-x^9+x^10+x^11+x^12-x^13-x^14),6
301/1792,+-++--++-,(+x^0-x^1+x^2+x^3-x^4-x^5+x^6+x^7)*(1-x) +(-x^8),1
303/1792,+-++--+++-+-+-+,(+x^0-x^1+x^2+x^3-x^4-x^5+x^6+x^7+x^8)*(1-x^6) +(-x^9+x^10-x^11+x^12-x^13+x^14),6
305/1792,+-++--+++-+-+-+,(+x^0-x^1+x^2+x^3-x^4-x^5+x^6+x^7+x^8)*(1-x^6) +(-x^9+x^10-x^11+x^12-x^13+x^14),6
307/1792,+-++--+++++---+,(+x^0-x^1+x^2+x^3-x^4-x^5+x^6+x^7+x^8)*(1-x^6) +(+x^9+x^10-x^11-x^12-x^13+x^14),6
311/1792,+-++--+-+---+++,(+x^0-x^1+x^2+x^3-x^4-x^5+x^6-x^7+x^8)*(1-x^6) +(-x^9-x^10-x^11+x^12+x^13+x^14),6
313/1792,+-++---+--+++--,(+x^0-x^1+x^2+x^3-x^4-x^5-x^6+x^7-x^8)*(1-x^6) +(-x^9+x^10+x^11+x^12-x^13-x^14),6
315/1792,+-++---+-,(+x^0-x^1+x^2+x^3-x^4-x^5-x^6+x^7)*(1-x) +(-x^8),1
317/1792,+-++---++-+-+-+,(+x^0-x^1+x^2+x^3-x^4-x^5-x^6+x^7+x^8)*(1-x^6) +(-x^9+x^10-x^11+x^12-x^13+x^14),6
319/1792,+-++---++-+-+-+,(+x^0-x^1+x^2+x^3-x^4-x^5-x^6+x^7+x^8)*(1-x^6) +(-x^9+x^10-x^11+x^12-x^13+x^14),6
321/1792,+-++---++++---+,(+x^0-x^1+x^2+x^3-x^4-x^5-x^6+x^7+x^8)*(1-x^6) +(+x^9+x^10-x^11-x^12-x^13+x^14),6
323/1792,+-++---+-+-+-+-,(+x^0-x^1+x^2+x^3-x^4-x^5-x^6+x^7-x^8)*(1-x^6) +(+x^9-x^10+x^11-x^12+x^13-x^14),6
325/1792,+-++----+---+++,(+x^0-x^1+x^2+x^3-x^4-x^5-x^6-x^7+x^8)*(1-x^6) +(-x^9-x^10-x^11+x^12+x^13+x^14),6
327/1792,+-++----++---++,(+x^0-x^1+x^2+x^3-x^4-x^5-x^6-x^7+x^8)*(1-x^6) +(+x^9-x^10-x^11-x^12+x^13+x^14),6
329/1792,+-++----+,(+x^0-x^1+x^2+x^3-x^4-x^5-x^6-x^7)*(1-x) +(+x^8),1
331/1792,+-++-----+-+-+-,(+x^0-x^1+x^2+x^3-x^4-x^5-x^6-x^7-x^8)*(1-x^6) +(+x^9-x^10+x^11-x^12+x^13-x^14),6
333/1792,+-++-----+-+-+-,(+x^0-x^1+x^2+x^3-x^4-x^5-x^6-x^7-x^8)*(1-x^6) +(+x^9-x^10+x^11-x^12+x^13-x^14),6
335/1792,+-++-------+++-,(+x^0-x^1+x^2+x^3-x^4-x^5-x^6-x^7-x^8)*(1-x^6) +(-x^9-x^10+x^11+x^12+x^13-x^14),6
363/1792,+-+++-+++++---+,(+x^0-x^1+x^2+x^3+x^4-x^5+x^6+x^7+x^8)*(1-x^6) +(+x^9+x^10-x^11-x^12-x^13+x^14),6
365/1792,+-+++-+-+-+-+-+,(+x^0-x^1+x^2+x^3+x^4-x^5+x^6-x^7+x^8)*(1-x^6) +(-x^9+x^10-x^11+x^12-x^13+x^14),6
369/1792,+-+++-+-++---++,(+x^0-x^1+x^2+x^3+x^4-x^5+x^6-x^7+x^8)*(1-x^6) +(+x^9-x^10-x^11-x^12+x^13+x^14),6
371/1792,+-+++--+-,(+x^0-x^1+x^2+x^3+x^4-x^5-x^6+x^7)*(1-x) +(-x^8),1
373/1792,+-+++--++-+-+-+,(+x^0-x^1+x^2+x^3+x^4-x^5-x^6+x^7+x^8)*(1-x^6) +(-x^9+x^10-x^11+x^12-x^13+x^14),6
375/1792,+-+++--++-+-+-+,(+x^0-x^1+x^2+x^3+x^4-x^5-x^6+x^7+x^8)*(1-x^6) +(-x^9+x^10-x^11+x^12-x^13+x^14),6
377/1792,+-+++--++++---+,(+x^0-x^1+x^2+x^3+x^4-x^5-x^6+x^7+x^8)*(1-x^6) +(+x^9+x^10-x^11-x^12-x^13+x^14),6
379/1792,+-+++--+-+-+-+-,(+x^0-x^1+x^2+x^3+x^4-x^5-x^6+x^7-x^8)*(1-x^6) +(+x^9-x^10+x^11-x^12+x^13-x^14),6
381/1792,+-+++---+---+++,(+x^0-x^1+x^2+x^3+x^4-x^5-x^6-x^7+x^8)*(1-x^6) +(-x^9-x^10-x^11+x^12+x^13+x^14),6
383/1792,+-+++---++---++,(+x^0-x^1+x^2+x^3+x^4-x^5-x^6-x^7+x^8)*(1-x^6) +(+x^9-x^10-x^11-x^12+x^13+x^14),6
385/1792,+-+++---+,(+x^0-x^1+x^2+x^3+x^4-x^5-x^6-x^7)*(1-x) +(+x^8),1
387/1792,+-+++----+-+-+-,(+x^0-x^1+x^2+x^3+x^4-x^5-x^6-x^7-x^8)*(1-x^6) +(+x^9-x^10+x^11-x^12+x^13-x^14),6
389/1792,+-+++----+-+-+-,(+x^0-x^1+x^2+x^3+x^4-x^5-x^6-x^7-x^8)*(1-x^6) +(+x^9-x^10+x^11-x^12+x^13-x^14),6
391/1792,+-+++------+++-,(+x^0-x^1+x^2+x^3+x^4-x^5-x^6-x^7-x^8)*(1-x^6) +(-x^9-x^10+x^11+x^12+x^13-x^14),6
393/1792,+-+++-+-+-+-+-+,(+x^0-x^1+x^2+x^3+x^4-x^5+x^6-x^7+x^8)*(1-x^6) +(-x^9+x^10-x^11+x^12-x^13+x^14),6
397/1792,+-+++-+-++---++,(+x^0-x^1+x^2+x^3+x^4-x^5+x^6-x^7+x^8)*(1-x^6) +(+x^9-x^10-x^11-x^12+x^13+x^14),6
399/1792,+-+++-+-+,(+x^0-x^1+x^2+x^3+x^4-x^5+x^6-x^7)*(1-x) +(+x^8),1
401/1792,+-+++-+--+-+-+-,(+x^0-x^1+x^2+x^3+x^4-x^5+x^6-x^7-x^8)*(1-x^6) +(+x^9-x^10+x^11-x^12+x^13-x^14),6
403/1792,+-+++-+--+-+-+-,(+x^0-x^1+x^2+x^3+x^4-x^5+x^6-x^7-x^8)*(1-x^6) +(+x^9-x^10+x^11-x^12+x^13-x^14),6
405/1792,+-++++-++++---+,(+x^0-x^1+x^2+x^3+x^4+x^5-x^6+x^7+x^8)*(1-x^6) +(+x^9+x^10-x^11-x^12-x^13+x^14),6
407/1792,+-++++-+-+-+-+-,(+x^0-x^1+x^2+x^3+x^4+x^5-x^6+x^7-x^8)*(1-x^6) +(+x^9-x^10+x^11-x^12+x^13-x^14),6
409/1792,+-++++-+-+++---,(+x^0-x^1+x^2+x^3+x^4+x^5-x^6+x^7-x^8)*(1-x^6) +(+x^9+x^10+x^11-x^12-x^13-x^14),6
411/1792,+-++++--++---++,(+x^0-x^1+x^2+x^3+x^4+x^5-x^6-x^7+x^8)*(1-x^6) +(+x^9-x^10-x^11-x^12+x^13+x^14),6
413/1792,+-++++--+,(+x^0-x^1+x^2+x^3+x^4+x^5-x^6-x^7)*(1-x) +(+x^8),1
415/1792,+-++++---+-+-+-,(+x^0-x^1+x^2+x^3+x^4+x^5-x^6-x^7-x^8)*(1-x^6) +(+x^9-x^10+x^11-x^12+x^13-x^14),6
417/1792,+-++++---+-+-+-,(+x^0-x^1+x^2+x^3+x^4+x^5-x^6-x^7-x^8)*(1-x^6) +(+x^9-x^10+x^11-x^12+x^13-x^14),6
419/1792,+-++++-----+++-,(+x^0-x^1+x^2+x^3+x^4+x^5-x^6-x^7-x^8)*(1-x^6) +(-x^9-x^10+x^11+x^12+x^13-x^14),6
421/1792,+-++++-+-+-+-+-,(+x^0-x^1+x^2+x^3+x^4+x^5-x^6+x^7-x^8)*(1-x^6) +(+x^9-x^10+x^11-x^12+x^13-x^14),6
423/1792,+-++++-+-+++---,(+x^0-x^1+x^2+x^3+x^4+x^5-x^6+x^7-x^8)*(1-x^6) +(+x^9+x^10+x^11-x^12-x^13-x^14),6
425/1792,+-++++-+--+++--,(+x^0-x^1+x^2+x^3+x^4+x^5-x^6+x^7-x^8)*(1-x^6) +(-x^9+x^10+x^11+x^12-x^13-x^14),6
427/1792,+-+++++-+,(+x^0-x^1+x^2+x^3+x^4+x^5+x^6-x^7)*(1-x) +(+x^8),1
429/1792,+-+++++--+-+-+-,(+x^0-x^1+x^2+x^3+x^4+x^5+x^6-x^7-x^8)*(1-x^6) +(+x^9-x^10+x^11-x^12+x^13-x^14),6
431/1792,+-+++++--+-+-+-,(+x^0-x^1+x^2+x^3+x^4+x^5+x^6-x^7-x^8)*(1-x^6) +(+x^9-x^10+x^11-x^12+x^13-x^14),6
433/1792,+-+++++----+++-,(+x^0-x^1+x^2+x^3+x^4+x^5+x^6-x^7-x^8)*(1-x^6) +(-x^9-x^10+x^11+x^12+x^13-x^14),6
435/1792,+-+++++-+-+-+-+,(+x^0-x^1+x^2+x^3+x^4+x^5+x^6-x^7+x^8)*(1-x^6) +(-x^9+x^10-x^11+x^12-x^13+x^14),6
437/1792,+-+++++-+---+++,(+x^0-x^1+x^2+x^3+x^4+x^5+x^6-x^7+x^8)*(1-x^6) +(-x^9-x^10-x^11+x^12+x^13+x^14),6
439/1792,+-++++++--+++--,(+x^0-x^1+x^2+x^3+x^4+x^5+x^6+x^7-x^8)*(1-x^6) +(-x^9+x^10+x^11+x^12-x^13-x^14),6
441/1792,+-++++++-,(+x^0-x^1+x^2+x^3+x^4+x^5+x^6+x^7)*(1-x) +(-x^8),1
443/1792,+-+++++++-+-+-+,(+x^0-x^1+x^2+x^3+x^4+x^5+x^6+x^7+x^8)*(1-x^6) +(-x^9+x^10-x^11+x^12-x^13+x^14),6
445/1792,+-+++++++-+-+-+,(+x^0-x^1+x^2+x^3+x^4+x^5+x^6+x^7+x^8)*(1-x^6) +(-x^9+x^10-x^11+x^12-x^13+x^14),6
651/1792,+--+++-+-,(+x^0-x^1-x^2+x^3+x^4+x^5-x^6+x^7)*(1-x) +(-x^8),1
655/1792,+--++++--+-+-+-,(+x^0-x^1-x^2+x^3+x^4+x^5+x^6-x^7-x^8)*(1-x^6) +(+x^9-x^10+x^11-x^12+x^13-x^14),6
657/1792,+--++++----+++-,(+x^0-x^1-x^2+x^3+x^4+x^5+x^6-x^7-x^8)*(1-x^6) +(-x^9-x^10+x^11+x^12+x^13-x^14),6
659/1792,+--++++-+-+-+-+,(+x^0-x^1-x^2+x^3+x^4+x^5+x^6-x^7+x^8)*(1-x^6) +(-x^9+x^10-x^11+x^12-x^13+x^14),6
661/1792,+--++++-+---+++,(+x^0-x^1-x^2+x^3+x^4+x^5+x^6-x^7+x^8)*(1-x^6) +(-x^9-x^10-x^11+x^12+x^13+x^14),6
663/1792,+--++++-++---++,(+x^0-x^1-x^2+x^3+x^4+x^5+x^6-x^7+x^8)*(1-x^6) +(+x^9-x^10-x^11-x^12+x^13+x^14),6
665/1792,+--+++++-,(+x^0-x^1-x^2+x^3+x^4+x^5+x^6+x^7)*(1-x) +(-x^8),1
667/1792,+--+++++-+-+-+-,(+x^0-x^1-x^2+x^3+x^4+x^5+x^6+x^7-x^8)*(1-x^6) +(+x^9-x^10+x^11-x^12+x^13-x^14),6
669/1792,+--++++++-+-+-+,(+x^0-x^1-x^2+x^3+x^4+x^5+x^6+x^7+x^8)*(1-x^6) +(-x^9+x^10-x^11+x^12-x^13+x^14),6
671/1792,+--++++++++---+,(+x^0-x^1-x^2+x^3+x^4+x^5+x^6+x^7+x^8)*(1-x^6) +(+x^9+x^10-x^11-x^12-x^13+x^14),6
725/1792,+--+-++++-+-+-+,(+x^0-x^1-x^2+x^3-x^4+x^5+x^6+x^7+x^8)*(1-x^6) +(-x^9+x^10-x^11+x^12-x^13+x^14),6
727/1792,+--+-++++++---+,(+x^0-x^1-x^2+x^3-x^4+x^5+x^6+x^7+x^8)*(1-x^6) +(+x^9+x^10-x^11-x^12-x^13+x^14),6
779/1792,+---++++-+-+-+-,(+x^0-x^1-x^2-x^3+x^4+x^5+x^6+x^7-x^8)*(1-x^6) +(+x^9-x^10+x^11-x^12+x^13-x^14),6
781/1792,+---+++++-+-+-+,(+x^0-x^1-x^2-x^3+x^4+x^5+x^6+x^7+x^8)*(1-x^6) +(-x^9+x^10-x^11+x^12-x^13+x^14),6
783/1792,+---++++++-+,(+x^0-x^1-x^2-x^3+x^4+x^5+x^6+x^7+x^8)*(1-x^3) +(+x^9-x^10+x^11),3
597/3584,+-++--++--+-+-+-,(+x^0-x^1+x^2+x^3-x^4-x^5+x^6+x^7-x^8-x^9)*(1-x^6) +(+x^10-x^11+x^12-x^13+x^14-x^15),6
599/3584,+-++--++--+-+-+-,(+x^0-x^1+x^2+x^3-x^4-x^5+x^6+x^7-x^8-x^9)*(1-x^6) +(+x^10-x^11+x^12-x^13+x^14-x^15),6
601/3584,+-++--++----+++-,(+x^0-x^1+x^2+x^3-x^4-x^5+x^6+x^7-x^8-x^9)*(1-x^6) +(-x^10-x^11+x^12+x^13+x^14-x^15),6
603/3584,+-++--++-+-+-+-+,(+x^0-x^1+x^2+x^3-x^4-x^5+x^6+x^7-x^8+x^9)*(1-x^6) +(-x^10+x^11-x^12+x^13-x^14+x^15),6
605/3584,+-++--+++-+++---,(+x^0-x^1+x^2+x^3-x^4-x^5+x^6+x^7+x^8-x^9)*(1-x^6) +(+x^10+x^11+x^12-x^13-x^14-x^15),6
607/3584,+-++--+++--+++--,(+x^0-x^1+x^2+x^3-x^4-x^5+x^6+x^7+x^8-x^9)*(1-x^6) +(-x^10+x^11+x^12+x^13-x^14-x^15),6
609/3584,+-++--+++-,(+x^0-x^1+x^2+x^3-x^4-x^5+x^6+x^7+x^8)*(1-x) +(-x^9),1
611/3584,+-++--++++-+-+-+,(+x^0-x^1+x^2+x^3-x^4-x^5+x^6+x^7+x^8+x^9)*(1-x^6) +(-x^10+x^11-x^12+x^13-x^14+x^15),6
613/3584,+-++--++++-+-+-+,(+x^0-x^1+x^2+x^3-x^4-x^5+x^6+x^7+x^8+x^9)*(1-x^6) +(-x^10+x^11-x^12+x^13-x^14+x^15),6
615/3584,+-++--++++++---+,(+x^0-x^1+x^2+x^3-x^4-x^5+x^6+x^7+x^8+x^9)*(1-x^6) +(+x^10+x^11-x^12-x^13-x^14+x^15),6
621/3584,+-++--+-+--+++--,(+x^0-x^1+x^2+x^3-x^4-x^5+x^6-x^7+x^8-x^9)*(1-x^6) +(-x^10+x^11+x^12+x^13-x^14-x^15),6
623/3584,+-++--+-+-,(+x^0-x^1+x^2+x^3-x^4-x^5+x^6-x^7+x^8)*(1-x) +(-x^9),1
625/3584,+-++--+-++-+-+-+,(+x^0-x^1+x^2+x^3-x^4-x^5+x^6-x^7+x^8+x^9)*(1-x^6) +(-x^10+x^11-x^12+x^13-x^14+x^15),6
627/3584,+-++---+--+-+-+-,(+x^0-x^1+x^2+x^3-x^4-x^5-x^6+x^7-x^8-x^9)*(1-x^6) +(+x^10-x^11+x^12-x^13+x^14-x^15),6
629/3584,+-++---+----+++-,(+x^0-x^1+x^2+x^3-x^4-x^5-x^6+x^7-x^8-x^9)*(1-x^6) +(-x^10-x^11+x^12+x^13+x^14-x^15),6
631/3584,+-++---+-+-+-+-+,(+x^0-x^1+x^2+x^3-x^4-x^5-x^6+x^7-x^8+x^9)*(1-x^6) +(-x^10+x^11-x^12+x^13-x^14+x^15),6
633/3584,+-++---++-+++---,(+x^0-x^1+x^2+x^3-x^4-x^5-x^6+x^7+x^8-x^9)*(1-x^6) +(+x^10+x^11+x^12-x^13-x^14-x^15),6
635/3584,+-++---++--+++--,(+x^0-x^1+x^2+x^3-x^4-x^5-x^6+x^7+x^8-x^9)*(1-x^6) +(-x^10+x^11+x^12+x^13-x^14-x^15),6
637/3584,+-++---++-,(+x^0-x^1+x^2+x^3-x^4-x^5-x^6+x^7+x^8)*(1-x) +(-x^9),1
639/3584,+-++---+++-+-+-+,(+x^0-x^1+x^2+x^3-x^4-x^5-x^6+x^7+x^8+x^9)*(1-x^6) +(-x^10+x^11-x^12+x^13-x^14+x^15),6
641/3584,+-++---+++-+-+-+,(+x^0-x^1+x^2+x^3-x^4-x^5-x^6+x^7+x^8+x^9)*(1-x^6) +(-x^10+x^11-x^12+x^13-x^14+x^15),6
643/3584,+-++---+++++---+,(+x^0-x^1+x^2+x^3-x^4-x^5-x^6+x^7+x^8+x^9)*(1-x^6) +(+x^10+x^11-x^12-x^13-x^14+x^15),6
645/3584,+-++---+-+-+-+-+,(+x^0-x^1+x^2+x^3-x^4-x^5-x^6+x^7-x^8+x^9)*(1-x^6) +(-x^10+x^11-x^12+x^13-x^14+x^15),6
647/3584,+-++---+-+---+++,(+x^0-x^1+x^2+x^3-x^4-x^5-x^6+x^7-x^8+x^9)*(1-x^6) +(-x^10-x^11-x^12+x^13+x^14+x^15),6
649/3584,+-++---+-++---++,(+x^0-x^1+x^2+x^3-x^4-x^5-x^6+x^7-x^8+x^9)*(1-x^6) +(+x^10-x^11-x^12-x^13+x^14+x^15),6
651/3584,+-++----+-,(+x^0-x^1+x^2+x^3-x^4-x^5-x^6-x^7+x^8)*(1-x) +(-x^9),1
653/3584,+-++----++-+-+-+,(+x^0-x^1+x^2+x^3-x^4-x^5-x^6-x^7+x^8+x^9)*(1-x^6) +(-x^10+x^11-x^12+x^13-x^14+x^15),6
655/3584,+-++----++-+-+-+,(+x^0-x^1+x^2+x^3-x^4-x^5-x^6-x^7+x^8+x^9)*(1-x^6) +(-x^10+x^11-x^12+x^13-x^14+x^15),6
657/3584,+-++----++++---+,(+x^0-x^1+x^2+x^3-x^4-x^5-x^6-x^7+x^8+x^9)*(1-x^6) +(+x^10+x^11-x^12-x^13-x^14+x^15),6
659/3584,+-++----+-+-+-+-,(+x^0-x^1+x^2+x^3-x^4-x^5-x^6-x^7+x^8-x^9)*(1-x^6) +(+x^10-x^11+x^12-x^13+x^14-x^15),6
661/3584,+-++-----+---+++,(+x^0-x^1+x^2+x^3-x^4-x^5-x^6-x^7-x^8+x^9)*(1-x^6) +(-x^10-x^11-x^12+x^13+x^14+x^15),6
663/3584,+-++-----++---++,(+x^0-x^1+x^2+x^3-x^4-x^5-x^6-x^7-x^8+x^9)*(1-x^6) +(+x^10-x^11-x^12-x^13+x^14+x^15),6
665/3584,+-++-----+,(+x^0-x^1+x^2+x^3-x^4-x^5-x^6-x^7-x^8)*(1-x) +(+x^9),1
667/3584,+-++------+-+-+-,(+x^0-x^1+x^2+x^3-x^4-x^5-x^6-x^7-x^8-x^9)*(1-x^6) +(+x^10-x^11+x^12-x^13+x^14-x^15),6
669/3584,+-++------+-+-+-,(+x^0-x^1+x^2+x^3-x^4-x^5-x^6-x^7-x^8-x^9)*(1-x^6) +(+x^10-x^11+x^12-x^13+x^14-x^15),6
671/3584,+-++--------+++-,(+x^0-x^1+x^2+x^3-x^4-x^5-x^6-x^7-x^8-x^9)*(1-x^6) +(-x^10-x^11+x^12+x^13+x^14-x^15),6
713/3584,+-++-+--++++---+,(+x^0-x^1+x^2+x^3-x^4+x^5-x^6-x^7+x^8+x^9)*(1-x^6) +(+x^10+x^11-x^12-x^13-x^14+x^15),6
727/3584,+-+++-++++++---+,(+x^0-x^1+x^2+x^3+x^4-x^5+x^6+x^7+x^8+x^9)*(1-x^6) +(+x^10+x^11-x^12-x^13-x^14+x^15),6
729/3584,+-+++-+-+-+-+-+-,(+x^0-x^1+x^2+x^3+x^4-x^5+x^6-x^7+x^8-x^9)*(1-x^6) +(+x^10-x^11+x^12-x^13+x^14-x^15),6
731/3584,+-+++-+-+-+++---,(+x^0-x^1+x^2+x^3+x^4-x^5+x^6-x^7+x^8-x^9)*(1-x^6) +(+x^10+x^11+x^12-x^13-x^14-x^15),6
733/3584,+-+++-+-+--+++--,(+x^0-x^1+x^2+x^3+x^4-x^5+x^6-x^7+x^8-x^9)*(1-x^6) +(-x^10+x^11+x^12+x^13-x^14-x^15),6
735/3584,+-+++-+-+-,(+x^0-x^1+x^2+x^3+x^4-x^5+x^6-x^7+x^8)*(1-x) +(-x^9),1
737/3584,+-+++-+-++-+-+-+,(+x^0-x^1+x^2+x^3+x^4-x^5+x^6-x^7+x^8+x^9)*(1-x^6) +(-x^10+x^11-x^12+x^13-x^14+x^15),6
739/3584,+-+++-+-++-+-+-+,(+x^0-x^1+x^2+x^3+x^4-x^5+x^6-x^7+x^8+x^9)*(1-x^6) +(-x^10+x^11-x^12+x^13-x^14+x^15),6
741/3584,+-+++--+----+++-,(+x^0-x^1+x^2+x^3+x^4-x^5-x^6+x^7-x^8-x^9)*(1-x^6) +(-x^10-x^11+x^12+x^13+x^14-x^15),6
743/3584,+-+++--+-+-+-+-+,(+x^0-x^1+x^2+x^3+x^4-x^5-x^6+x^7-x^8+x^9)*(1-x^6) +(-x^10+x^11-x^12+x^13-x^14+x^15),6
745/3584,+-+++--++-+++---,(+x^0-x^1+x^2+x^3+x^4-x^5-x^6+x^7+x^8-x^9)*(1-x^6) +(+x^10+x^11+x^12-x^13-x^14-x^15),6
747/3584,+-+++--++--+++--,(+x^0-x^1+x^2+x^3+x^4-x^5-x^6+x^7+x^8-x^9)*(1-x^6) +(-x^10+x^11+x^12+x^13-x^14-x^15),6
749/3584,+-+++--++-,(+x^0-x^1+x^2+x^3+x^4-x^5-x^6+x^7+x^8)*(1-x) +(-x^9),1
751/3584,+-+++--+++-+-+-+,(+x^0-x^1+x^2+x^3+x^4-x^5-x^6+x^7+x^8+x^9)*(1-x^6) +(-x^10+x^11-x^12+x^13-x^14+x^15),6
753/3584,+-+++--+++-+-+-+,(+x^0-x^1+x^2+x^3+x^4-x^5-x^6+x^7+x^8+x^9)*(1-x^6) +(-x^10+x^11-x^12+x^13-x^14+x^15),6
755/3584,+-+++--+++++---+,(+x^0-x^1+x^2+x^3+x^4-x^5-x^6+x^7+x^8+x^9)*(1-x^6) +(+x^10+x^11-x^12-x^13-x^14+x^15),6
757/3584,+-+++--+-+-+-+-+,(+x^0-x^1+x^2+x^3+x^4-x^5-x^6+x^7-x^8+x^9)*(1-x^6) +(-x^10+x^11-x^12+x^13-x^14+x^15),6
759/3584,+-+++--+-+---+++,(+x^0-x^1+x^2+x^3+x^4-x^5-x^6+x^7-x^8+x^9)*(1-x^6) +(-x^10-x^11-x^12+x^13+x^14+x^15),6
761/3584,+-+++--+-++---++,(+x^0-x^1+x^2+x^3+x^4-x^5-x^6+x^7-x^8+x^9)*(1-x^6) +(+x^10-x^11-x^12-x^13+x^14+x^15),6
763/3584,+-+++---+-,(+x^0-x^1+x^2+x^3+x^4-x^5-x^6-x^7+x^8)*(1-x) +(-x^9),1
765/3584,+-+++---++-+-+-+,(+x^0-x^1+x^2+x^3+x^4-x^5-x^6-x^7+x^8+x^9)*(1-x^6) +(-x^10+x^11-x^12+x^13-x^14+x^15),6
767/3584,+-+++---++-+-+-+,(+x^0-x^1+x^2+x^3+x^4-x^5-x^6-x^7+x^8+x^9)*(1-x^6) +(-x^10+x^11-x^12+x^13-x^14+x^15),6
769/3584,+-+++---++++---+,(+x^0-x^1+x^2+x^3+x^4-x^5-x^6-x^7+x^8+x^9)*(1-x^6) +(+x^10+x^11-x^12-x^13-x^14+x^15),6
771/3584,+-+++---+-+-+-+-,(+x^0-x^1+x^2+x^3+x^4-x^5-x^6-x^7+x^8-x^9)*(1-x^6) +(+x^10-x^11+x^12-x^13+x^14-x^15),6
773/3584,+-+++---+-+++---,(+x^0-x^1+x^2+x^3+x^4-x^5-x^6-x^7+x^8-x^9)*(1-x^6) +(+x^10+x^11+x^12-x^13-x^14-x^15),6
775/3584,+-+++----++---++,(+x^0-x^1+x^2+x^3+x^4-x^5-x^6-x^7-x^8+x^9)*(1-x^6) +(+x^10-x^11-x^12-x^13+x^14+x^15),6
777/3584,+-+++----+,(+x^0-x^1+x^2+x^3+x^4-x^5-x^6-x^7-x^8)*(1-x) +(+x^9),1
779/3584,+-+++-----+-+-+-,(+x^0-x^1+x^2+x^3+x^4-x^5-x^6-x^7-x^8-x^9)*(1-x^6) +(+x^10-x^11+x^12-x^13+x^14-x^15),6
781/3584,+-+++-----+-+-+-,(+x^0-x^1+x^2+x^3+x^4-x^5-x^6-x^7-x^8-x^9)*(1-x^6) +(+x^10-x^11+x^12-x^13+x^14-x^15),6
783/3584,+-+++-------+++-,(+x^0-x^1+x^2+x^3+x^4-x^5-x^6-x^7-x^8-x^9)*(1-x^6) +(-x^10-x^11+x^12+x^13+x^14-x^15),6
785/3584,+-+++-+-+-+-+-+-,(+x^0-x^1+x^2+x^3+x^4-x^5+x^6-x^7+x^8-x^9)*(1-x^6) +(+x^10-x^11+x^12-x^13+x^14-x^15),6
787/3584,+-+++-+-+-+++---,(+x^0-x^1+x^2+x^3+x^4-x^5+x^6-x^7+x^8-x^9)*(1-x^6) +(+x^10+x^11+x^12-x^13-x^14-x^15),6
789/3584,+-+++-+-+--+++--,(+x^0-x^1+x^2+x^3+x^4-x^5+x^6-x^7+x^8-x^9)*(1-x^6) +(-x^10+x^11+x^12+x^13-x^14-x^15),6
791/3584,+-+++-+-+-,(+x^0-x^1+x^2+x^3+x^4-x^5+x^6-x^7+x^8)*(1-x) +(-x^9),1
793/3584,+-+++-+-++-+-+-+,(+x^0-x^1+x^2+x^3+x^4-x^5+x^6-x^7+x^8+x^9)*(1-x^6) +(-x^10+x^11-x^12+x^13-x^14+x^15),6
795/3584,+-+++-+-++-+-+-+,(+x^0-x^1+x^2+x^3+x^4-x^5+x^6-x^7+x^8+x^9)*(1-x^6) +(-x^10+x^11-x^12+x^13-x^14+x^15),6
797/3584,+-+++-+-++++---+,(+x^0-x^1+x^2+x^3+x^4-x^5+x^6-x^7+x^8+x^9)*(1-x^6) +(+x^10+x^11-x^12-x^13-x^14+x^15),6
799/3584,+-+++-+-+-+-+-+-,(+x^0-x^1+x^2+x^3+x^4-x^5+x^6-x^7+x^8-x^9)*(1-x^6) +(+x^10-x^11+x^12-x^13+x^14-x^15),6
801/3584,+-+++-+-+-+++---,(+x^0-x^1+x^2+x^3+x^4-x^5+x^6-x^7+x^8-x^9)*(1-x^6) +(+x^10+x^11+x^12-x^13-x^14-x^15),6
803/3584,+-+++-+--++---++,(+x^0-x^1+x^2+x^3+x^4-x^5+x^6-x^7-x^8+x^9)*(1-x^6) +(+x^10-x^11-x^12-x^13+x^14+x^15),6
805/3584,+-+++-+--+,(+x^0-x^1+x^2+x^3+x^4-x^5+x^6-x^7-x^8)*(1-x) +(+x^9),1
807/3584,+-+++-+---+-+-+-,(+x^0-x^1+x^2+x^3+x^4-x^5+x^6-x^7-x^8-x^9)*(1-x^6) +(+x^10-x^11+x^12-x^13+x^14-x^15),6
809/3584,+-+++-+---+-+-+-,(+x^0-x^1+x^2+x^3+x^4-x^5+x^6-x^7-x^8-x^9)*(1-x^6) +(+x^10-x^11+x^12-x^13+x^14-x^15),6
811/3584,+-++++-+++++---+,(+x^0-x^1+x^2+x^3+x^4+x^5-x^6+x^7+x^8+x^9)*(1-x^6) +(+x^10+x^11-x^12-x^13-x^14+x^15),6
813/3584,+-++++-+-+-+-+-+,(+x^0-x^1+x^2+x^3+x^4+x^5-x^6+x^7-x^8+x^9)*(1-x^6) +(-x^10+x^11-x^12+x^13-x^14+x^15),6
815/3584,+-++++-+-+---+++,(+x^0-x^1+x^2+x^3+x^4+x^5-x^6+x^7-x^8+x^9)*(1-x^6) +(-x^10-x^11-x^12+x^13+x^14+x^15),6
817/3584,+-++++-+-++---++,(+x^0-x^1+x^2+x^3+x^4+x^5-x^6+x^7-x^8+x^9)*(1-x^6) +(+x^10-x^11-x^12-x^13+x^14+x^15),6
819/3584,+-++++--+-,(+x^0-x^1+x^2+x^3+x^4+x^5-x^6-x^7+x^8)*(1-x) +(-x^9),1
821/3584,+-++++--++-+-+-+,(+x^0-x^1+x^2+x^3+x^4+x^5-x^6-x^7+x^8+x^9)*(1-x^6) +(-x^10+x^11-x^12+x^13-x^14+x^15),6
823/3584,+-++++--++-+-+-+,(+x^0-x^1+x^2+x^3+x^4+x^5-x^6-x^7+x^8+x^9)*(1-x^6) +(-x^10+x^11-x^12+x^13-x^14+x^15),6
825/3584,+-++++--++++---+,(+x^0-x^1+x^2+x^3+x^4+x^5-x^6-x^7+x^8+x^9)*(1-x^6) +(+x^10+x^11-x^12-x^13-x^14+x^15),6
827/3584,+-++++--+-+-+-+-,(+x^0-x^1+x^2+x^3+x^4+x^5-x^6-x^7+x^8-x^9)*(1-x^6) +(+x^10-x^11+x^12-x^13+x^14-x^15),6
829/3584,+-++++--+-+++---,(+x^0-x^1+x^2+x^3+x^4+x^5-x^6-x^7+x^8-x^9)*(1-x^6) +(+x^10+x^11+x^12-x^13-x^14-x^15),6
831/3584,+-++++---++---++,(+x^0-x^1+x^2+x^3+x^4+x^5-x^6-x^7-x^8+x^9)*(1-x^6) +(+x^10-x^11-x^12-x^13+x^14+x^15),6
833/3584,+-++++---+,(+x^0-x^1+x^2+x^3+x^4+x^5-x^6-x^7-x^8)*(1-x) +(+x^9),1
835/3584,+-++++----+-+-+-,(+x^0-x^1+x^2+x^3+x^4+x^5-x^6-x^7-x^8-x^9)*(1-x^6) +(+x^10-x^11+x^12-x^13+x^14-x^15),6
837/3584,+-++++----+-+-+-,(+x^0-x^1+x^2+x^3+x^4+x^5-x^6-x^7-x^8-x^9)*(1-x^6) +(+x^10-x^11+x^12-x^13+x^14-x^15),6
839/3584,+-++++------+++-,(+x^0-x^1+x^2+x^3+x^4+x^5-x^6-x^7-x^8-x^9)*(1-x^6) +(-x^10-x^11+x^12+x^13+x^14-x^15),6
841/3584,+-++++-+-+-+-+-+,(+x^0-x^1+x^2+x^3+x^4+x^5-x^6+x^7-x^8+x^9)*(1-x^6) +(-x^10+x^11-x^12+x^13-x^14+x^15),6
843/3584,+-++++-+-+---+++,(+x^0-x^1+x^2+x^3+x^4+x^5-x^6+x^7-x^8+x^9)*(1-x^6) +(-x^10-x^11-x^12+x^13+x^14+x^15),6
845/3584,+-++++-+-++---++,(+x^0-x^1+x^2+x^3+x^4+x^5-x^6+x^7-x^8+x^9)*(1-x^6) +(+x^10-x^11-x^12-x^13+x^14+x^15),6
847/3584,+-++++-+-+,(+x^0-x^1+x^2+x^3+x^4+x^5-x^6+x^7-x^8)*(1-x) +(+x^9),1
849/3584,+-++++-+--+-+-+-,(+x^0-x^1+x^2+x^3+x^4+x^5-x^6+x^7-x^8-x^9)*(1-x^6) +(+x^10-x^11+x^12-x^13+x^14-x^15),6
851/3584,+-++++-+--+-+-+-,(+x^0-x^1+x^2+x^3+x^4+x^5-x^6+x^7-x^8-x^9)*(1-x^6) +(+x^10-x^11+x^12-x^13+x^14-x^15),6
853/3584,+-++++-+----+++-,(+x^0-x^1+x^2+x^3+x^4+x^5-x^6+x^7-x^8-x^9)*(1-x^6) +(-x^10-x^11+x^12+x^13+x^14-x^15),6
855/3584,+-+++++-+-+-+-+-,(+x^0-x^1+x^2+x^3+x^4+x^5+x^6-x^7+x^8-x^9)*(1-x^6) +(+x^10-x^11+x^12-x^13+x^14-x^15),6
857/3584,+-+++++-+-+++---,(+x^0-x^1+x^2+x^3+x^4+x^5+x^6-x^7+x^8-x^9)*(1-x^6) +(+x^10+x^11+x^12-x^13-x^14-x^15),6
859/3584,+-+++++--++---++,(+x^0-x^1+x^2+x^3+x^4+x^5+x^6-x^7-x^8+x^9)*(1-x^6) +(+x^10-x^11-x^12-x^13+x^14+x^15),6
861/3584,+-+++++--+,(+x^0-x^1+x^2+x^3+x^4+x^5+x^6-x^7-x^8)*(1-x) +(+x^9),1
863/3584,+-+++++---+-+-+-,(+x^0-x^1+x^2+x^3+x^4+x^5+x^6-x^7-x^8-x^9)*(1-x^6) +(+x^10-x^11+x^12-x^13+x^14-x^15),6
865/3584,+-+++++---+-+-+-,(+x^0-x^1+x^2+x^3+x^4+x^5+x^6-x^7-x^8-x^9)*(1-x^6) +(+x^10-x^11+x^12-x^13+x^14-x^15),6
867/3584,+-+++++-----+++-,(+x^0-x^1+x^2+x^3+x^4+x^5+x^6-x^7-x^8-x^9)*(1-x^6) +(-x^10-x^11+x^12+x^13+x^14-x^15),6
869/3584,+-+++++-+-+-+-+-,(+x^0-x^1+x^2+x^3+x^4+x^5+x^6-x^7+x^8-x^9)*(1-x^6) +(+x^10-x^11+x^12-x^13+x^14-x^15),6
871/3584,+-+++++-+-+++---,(+x^0-x^1+x^2+x^3+x^4+x^5+x^6-x^7+x^8-x^9)*(1-x^6) +(+x^10+x^11+x^12-x^13-x^14-x^15),6
873/3584,+-+++++-+--+++--,(+x^0-x^1+x^2+x^3+x^4+x^5+x^6-x^7+x^8-x^9)*(1-x^6) +(-x^10+x^11+x^12+x^13-x^14-x^15),6
875/3584,+-++++++-+,(+x^0-x^1+x^2+x^3+x^4+x^5+x^6+x^7-x^8)*(1-x) +(+x^9),1
877/3584,+-++++++--+-+-+-,(+x^0-x^1+x^2+x^3+x^4+x^5+x^6+x^7-x^8-x^9)*(1-x^6) +(+x^10-x^11+x^12-x^13+x^14-x^15),6
879/3584,+-++++++--+-+-+-,(+x^0-x^1+x^2+x^3+x^4+x^5+x^6+x^7-x^8-x^9)*(1-x^6) +(+x^10-x^11+x^12-x^13+x^14-x^15),6
881/3584,+-++++++----+++-,(+x^0-x^1+x^2+x^3+x^4+x^5+x^6+x^7-x^8-x^9)*(1-x^6) +(-x^10-x^11+x^12+x^13+x^14-x^15),6
883/3584,+-++++++-+-+-+-+,(+x^0-x^1+x^2+x^3+x^4+x^5+x^6+x^7-x^8+x^9)*(1-x^6) +(-x^10+x^11-x^12+x^13-x^14+x^15),6
885/3584,+-++++++-+---+++,(+x^0-x^1+x^2+x^3+x^4+x^5+x^6+x^7-x^8+x^9)*(1-x^6) +(-x^10-x^11-x^12+x^13+x^14+x^15),6
887/3584,+-+++++++--+++--,(+x^0-x^1+x^2+x^3+x^4+x^5+x^6+x^7+x^8-x^9)*(1-x^6) +(-x^10+x^11+x^12+x^13-x^14-x^15),6
889/3584,+-+++++++-,(+x^0-x^1+x^2+x^3+x^4+x^5+x^6+x^7+x^8)*(1-x) +(-x^9),1
1287/3584,+--+++------+++-,(+x^0-x^1-x^2+x^3+x^4+x^5-x^6-x^7-x^8-x^9)*(1-x^6) +(-x^10-x^11+x^12+x^13+x^14-x^15),6
1301/3584,+--+++-+----+++-,(+x^0-x^1-x^2+x^3+x^4+x^5-x^6+x^7-x^8-x^9)*(1-x^6) +(-x^10-x^11+x^12+x^13+x^14-x^15),6
1309/3584,+--++++--+,(+x^0-x^1-x^2+x^3+x^4+x^5+x^6-x^7-x^8)*(1-x) +(+x^9),1
1311/3584,+--++++--+-+-+-+,(+x^0-x^1-x^2+x^3+x^4+x^5+x^6-x^7-x^8+x^9)*(1-x^6) +(-x^10+x^11-x^12+x^13-x^14+x^15),6
1313/3584,+--++++---+-+-+-,(+x^0-x^1-x^2+x^3+x^4+x^5+x^6-x^7-x^8-x^9)*(1-x^6) +(+x^10-x^11+x^12-x^13+x^14-x^15),6
1315/3584,+--++++-----+++-,(+x^0-x^1-x^2+x^3+x^4+x^5+x^6-x^7-x^8-x^9)*(1-x^6) +(-x^10-x^11+x^12+x^13+x^14-x^15),6
1317/3584,+--++++-+-+-+-+-,(+x^0-x^1-x^2+x^3+x^4+x^5+x^6-x^7+x^8-x^9)*(1-x^6) +(+x^10-x^11+x^12-x^13+x^14-x^15),6
1319/3584,+--++++-+-+++---,(+x^0-x^1-x^2+x^3+x^4+x^5+x^6-x^7+x^8-x^9)*(1-x^6) +(+x^10+x^11+x^12-x^13-x^14-x^15),6
1321/3584,+--++++-+--+++--,(+x^0-x^1-x^2+x^3+x^4+x^5+x^6-x^7+x^8-x^9)*(1-x^6) +(-x^10+x^11+x^12+x^13-x^14-x^15),6
1323/3584,+--++++-+-,(+x^0-x^1-x^2+x^3+x^4+x^5+x^6-x^7+x^8)*(1-x) +(-x^9),1
1325/3584,+--++++-+-+-+-+-,(+x^0-x^1-x^2+x^3+x^4+x^5+x^6-x^7+x^8-x^9)*(1-x^6) +(+x^10-x^11+x^12-x^13+x^14-x^15),6
1327/3584,+--+++++--+-+-+-,(+x^0-x^1-x^2+x^3+x^4+x^5+x^6+x^7-x^8-x^9)*(1-x^6) +(+x^10-x^11+x^12-x^13+x^14-x^15),6
1329/3584,+--+++++----+++-,(+x^0-x^1-x^2+x^3+x^4+x^5+x^6+x^7-x^8-x^9)*(1-x^6) +(-x^10-x^11+x^12+x^13+x^14-x^15),6
1331/3584,+--+++++-+-+-+-+,(+x^0-x^1-x^2+x^3+x^4+x^5+x^6+x^7-x^8+x^9)*(1-x^6) +(-x^10+x^11-x^12+x^13-x^14+x^15),6
1333/3584,+--+++++-+---+++,(+x^0-x^1-x^2+x^3+x^4+x^5+x^6+x^7-x^8+x^9)*(1-x^6) +(-x^10-x^11-x^12+x^13+x^14+x^15),6
1335/3584,+--+++++-++---++,(+x^0-x^1-x^2+x^3+x^4+x^5+x^6+x^7-x^8+x^9)*(1-x^6) +(+x^10-x^11-x^12-x^13+x^14+x^15),6
1337/3584,+--++++++-,(+x^0-x^1-x^2+x^3+x^4+x^5+x^6+x^7+x^8)*(1-x) +(-x^9),1
1339/3584,+--++++++-+-+-+-,(+x^0-x^1-x^2+x^3+x^4+x^5+x^6+x^7+x^8-x^9)*(1-x^6) +(+x^10-x^11+x^12-x^13+x^14-x^15),6
1341/3584,+--+++++++-+-+-+,(+x^0-x^1-x^2+x^3+x^4+x^5+x^6+x^7+x^8+x^9)*(1-x^6) +(-x^10+x^11-x^12+x^13-x^14+x^15),6
1343/3584,+--+++++++++---+,(+x^0-x^1-x^2+x^3+x^4+x^5+x^6+x^7+x^8+x^9)*(1-x^6) +(+x^10+x^11-x^12-x^13-x^14+x^15),6
1451/3584,+--+-++++-+-+-+-,(+x^0-x^1-x^2+x^3-x^4+x^5+x^6+x^7+x^8-x^9)*(1-x^6) +(+x^10-x^11+x^12-x^13+x^14-x^15),6
1453/3584,+--+-+++++-+-+-+,(+x^0-x^1-x^2+x^3-x^4+x^5+x^6+x^7+x^8+x^9)*(1-x^6) +(-x^10+x^11-x^12+x^13-x^14+x^15),6
1455/3584,+--+-+++++++---+,(+x^0-x^1-x^2+x^3-x^4+x^5+x^6+x^7+x^8+x^9)*(1-x^6) +(+x^10+x^11-x^12-x^13-x^14+x^15),6
1555/3584,+---++++-+-+-+-+,(+x^0-x^1-x^2-x^3+x^4+x^5+x^6+x^7-x^8+x^9)*(1-x^6) +(-x^10+x^11-x^12+x^13-x^14+x^15),6
1559/3584,+---++++-+-++,(+x^0-x^1-x^2-x^3+x^4+x^5+x^6+x^7-x^8+x^9)*(1-x^3) +(-x^10+x^11+x^12),3
1563/3584,+---+++++-+-+-+-,(+x^0-x^1-x^2-x^3+x^4+x^5+x^6+x^7+x^8-x^9)*(1-x^6) +(+x^10-x^11+x^12-x^13+x^14-x^15),6
1565/3584,+---++++++-+-+-+,(+x^0-x^1-x^2-x^3+x^4+x^5+x^6+x^7+x^8+x^9)*(1-x^6) +(-x^10+x^11-x^12+x^13-x^14+x^15),6
1567/3584,+---+++++++-+,(+x^0-x^1-x^2-x^3+x^4+x^5+x^6+x^7+x^8+x^9)*(1-x^3) +(+x^10-x^11+x^12),3
1185/7168,+-++--+-+--+-+-+-,(+x^0-x^1+x^2+x^3-x^4-x^5+x^6-x^7+x^8-x^9-x^10)*(1-x^6) +(+x^11-x^12+x^13-x^14+x^15-x^16),6
1187/7168,+-++--++-++-+-+-+,(+x^0-x^1+x^2+x^3-x^4-x^5+x^6+x^7-x^8+x^9+x^10)*(1-x^6) +(-x^11+x^12-x^13+x^14-x^15+x^16),6
1191/7168,+-++--++-+-+-+-+-,(+x^0-x^1+x^2+x^3-x^4-x^5+x^6+x^7-x^8+x^9-x^10)*(1-x^6) +(+x^11-x^12+x^13-x^14+x^15-x^16),6
1195/7168,+-++--++--++---++,(+x^0-x^1+x^2+x^3-x^4-x^5+x^6+x^7-x^8-x^9+x^10)*(1-x^6) +(+x^11-x^12-x^13-x^14+x^15+x^16),6
1197/7168,+-++--++--+,(+x^0-x^1+x^2+x^3-x^4-x^5+x^6+x^7-x^8-x^9)*(1-x) +(+x^10),1
1199/7168,+-++--++---+-+-+-,(+x^0-x^1+x^2+x^3-x^4-x^5+x^6+x^7-x^8-x^9-x^10)*(1-x^6) +(+x^11-x^12+x^13-x^14+x^15-x^16),6
1201/7168,+-++--++---+-+-+-,(+x^0-x^1+x^2+x^3-x^4-x^5+x^6+x^7-x^8-x^9-x^10)*(1-x^6) +(+x^11-x^12+x^13-x^14+x^15-x^16),6
1203/7168,+-++--++-----+++-,(+x^0-x^1+x^2+x^3-x^4-x^5+x^6+x^7-x^8-x^9-x^10)*(1-x^6) +(-x^11-x^12+x^13+x^14+x^15-x^16),6
1205/7168,+-++--++-+-+-+-+-,(+x^0-x^1+x^2+x^3-x^4-x^5+x^6+x^7-x^8+x^9-x^10)*(1-x^6) +(+x^11-x^12+x^13-x^14+x^15-x^16),6
1207/7168,+-++--++-+-+++---,(+x^0-x^1+x^2+x^3-x^4-x^5+x^6+x^7-x^8+x^9-x^10)*(1-x^6) +(+x^11+x^12+x^13-x^14-x^15-x^16),6
1209/7168,+-++--+++-++---++,(+x^0-x^1+x^2+x^3-x^4-x^5+x^6+x^7+x^8-x^9+x^10)*(1-x^6) +(+x^11-x^12-x^13-x^14+x^15+x^16),6
1211/7168,+-++--+++-+,(+x^0-x^1+x^2+x^3-x^4-x^5+x^6+x^7+x^8-x^9)*(1-x) +(+x^10),1
1213/7168,+-++--+++--+-+-+-,(+x^0-x^1+x^2+x^3-x^4-x^5+x^6+x^7+x^8-x^9-x^10)*(1-x^6) +(+x^11-x^12+x^13-x^14+x^15-x^16),6
1215/7168,+-++--+++--+-+-+-,(+x^0-x^1+x^2+x^3-x^4-x^5+x^6+x^7+x^8-x^9-x^10)*(1-x^6) +(+x^11-x^12+x^13-x^14+x^15-x^16),6
1217/7168,+-++--+++----+++-,(+x^0-x^1+x^2+x^3-x^4-x^5+x^6+x^7+x^8-x^9-x^10)*(1-x^6) +(-x^11-x^12+x^13+x^14+x^15-x^16),6
1219/7168,+-++--+++-+-+-+-+,(+x^0-x^1+x^2+x^3-x^4-x^5+x^6+x^7+x^8-x^9+x^10)*(1-x^6) +(-x^11+x^12-x^13+x^14-x^15+x^16),6
1221/7168,+-++--++++-+++---,(+x^0-x^1+x^2+x^3-x^4-x^5+x^6+x^7+x^8+x^9-x^10)*(1-x^6) +(+x^11+x^12+x^13-x^14-x^15-x^16),6
1223/7168,+-++--++++--+++--,(+x^0-x^1+x^2+x^3-x^4-x^5+x^6+x^7+x^8+x^9-x^10)*(1-x^6) +(-x^11+x^12+x^13+x^14-x^15-x^16),6
1225/7168,+-++--++++-,(+x^0-x^1+x^2+x^3-x^4-x^5+x^6+x^7+x^8+x^9)*(1-x) +(-x^10),1
1227/7168,+-++--+++++-+-+-+,(+x^0-x^1+x^2+x^3-x^4-x^5+x^6+x^7+x^8+x^9+x^10)*(1-x^6) +(-x^11+x^12-x^13+x^14-x^15+x^16),6
1229/7168,+-++--+++++-+-+-+,(+x^0-x^1+x^2+x^3-x^4-x^5+x^6+x^7+x^8+x^9+x^10)*(1-x^6) +(-x^11+x^12-x^13+x^14-x^15+x^16),6
1231/7168,+-++--+++++++---+,(+x^0-x^1+x^2+x^3-x^4-x^5+x^6+x^7+x^8+x^9+x^10)*(1-x^6) +(+x^11+x^12-x^13-x^14-x^15+x^16),6
1241/7168,+-++--+-+--+-+-+-,(+x^0-x^1+x^2+x^3-x^4-x^5+x^6-x^7+x^8-x^9-x^10)*(1-x^6) +(+x^11-x^12+x^13-x^14+x^15-x^16),6
1243/7168,+-++--+-+--+-+-+-,(+x^0-x^1+x^2+x^3-x^4-x^5+x^6-x^7+x^8-x^9-x^10)*(1-x^6) +(+x^11-x^12+x^13-x^14+x^15-x^16),6
1245/7168,+-++--+-+----+++-,(+x^0-x^1+x^2+x^3-x^4-x^5+x^6-x^7+x^8-x^9-x^10)*(1-x^6) +(-x^11-x^12+x^13+x^14+x^15-x^16),6
1249/7168,+-++--+-++-+++---,(+x^0-x^1+x^2+x^3-x^4-x^5+x^6-x^7+x^8+x^9-x^10)*(1-x^6) +(+x^11+x^12+x^13-x^14-x^15-x^16),6
1251/7168,+-++--+-++--+++--,(+x^0-x^1+x^2+x^3-x^4-x^5+x^6-x^7+x^8+x^9-x^10)*(1-x^6) +(-x^11+x^12+x^13+x^14-x^15-x^16),6
1253/7168,+-++---+--+,(+x^0-x^1+x^2+x^3-x^4-x^5-x^6+x^7-x^8-x^9)*(1-x) +(+x^10),1
1255/7168,+-++---+---+-+-+-,(+x^0-x^1+x^2+x^3-x^4-x^5-x^6+x^7-x^8-x^9-x^10)*(1-x^6) +(+x^11-x^12+x^13-x^14+x^15-x^16),6
1257/7168,+-++---+---+-+-+-,(+x^0-x^1+x^2+x^3-x^4-x^5-x^6+x^7-x^8-x^9-x^10)*(1-x^6) +(+x^11-x^12+x^13-x^14+x^15-x^16),6
1259/7168,+-++---+-----+++-,(+x^0-x^1+x^2+x^3-x^4-x^5-x^6+x^7-x^8-x^9-x^10)*(1-x^6) +(-x^11-x^12+x^13+x^14+x^15-x^16),6
1261/7168,+-++---+-+-+-+-+-,(+x^0-x^1+x^2+x^3-x^4-x^5-x^6+x^7-x^8+x^9-x^10)*(1-x^6) +(+x^11-x^12+x^13-x^14+x^15-x^16),6
1263/7168,+-++---+-+-+++---,(+x^0-x^1+x^2+x^3-x^4-x^5-x^6+x^7-x^8+x^9-x^10)*(1-x^6) +(+x^11+x^12+x^13-x^14-x^15-x^16),6
1265/7168,+-++---++-++---++,(+x^0-x^1+x^2+x^3-x^4-x^5-x^6+x^7+x^8-x^9+x^10)*(1-x^6) +(+x^11-x^12-x^13-x^14+x^15+x^16),6
1267/7168,+-++---++-+,(+x^0-x^1+x^2+x^3-x^4-x^5-x^6+x^7+x^8-x^9)*(1-x) +(+x^10),1
1269/7168,+-++---++--+-+-+-,(+x^0-x^1+x^2+x^3-x^4-x^5-x^6+x^7+x^8-x^9-x^10)*(1-x^6) +(+x^11-x^12+x^13-x^14+x^15-x^16),6
1271/7168,+-++---++--+-+-+-,(+x^0-x^1+x^2+x^3-x^4-x^5-x^6+x^7+x^8-x^9-x^10)*(1-x^6) +(+x^11-x^12+x^13-x^14+x^15-x^16),6
1273/7168,+-++---++----+++-,(+x^0-x^1+x^2+x^3-x^4-x^5-x^6+x^7+x^8-x^9-x^10)*(1-x^6) +(-x^11-x^12+x^13+x^14+x^15-x^16),6
1275/7168,+-++---++-+-+-+-+,(+x^0-x^1+x^2+x^3-x^4-x^5-x^6+x^7+x^8-x^9+x^10)*(1-x^6) +(-x^11+x^12-x^13+x^14-x^15+x^16),6
1277/7168,+-++---+++-+++---,(+x^0-x^1+x^2+x^3-x^4-x^5-x^6+x^7+x^8+x^9-x^10)*(1-x^6) +(+x^11+x^12+x^13-x^14-x^15-x^16),6
1279/7168,+-++---+++--+++--,(+x^0-x^1+x^2+x^3-x^4-x^5-x^6+x^7+x^8+x^9-x^10)*(1-x^6) +(-x^11+x^12+x^13+x^14-x^15-x^16),6
1281/7168,+-++---+++-,(+x^0-x^1+x^2+x^3-x^4-x^5-x^6+x^7+x^8+x^9)*(1-x) +(-x^10),1
1283/7168,+-++---++++-+-+-+,(+x^0-x^1+x^2+x^3-x^4-x^5-x^6+x^7+x^8+x^9+x^10)*(1-x^6) +(-x^11+x^12-x^13+x^14-x^15+x^16),6
1285/7168,+-++---++++-+-+-+,(+x^0-x^1+x^2+x^3-x^4-x^5-x^6+x^7+x^8+x^9+x^10)*(1-x^6) +(-x^11+x^12-x^13+x^14-x^15+x^16),6
1287/7168,+-++---++++++---+,(+x^0-x^1+x^2+x^3-x^4-x^5-x^6+x^7+x^8+x^9+x^10)*(1-x^6) +(+x^11+x^12-x^13-x^14-x^15+x^16),6
1289/7168,+-++---+-+-+-+-+-,(+x^0-x^1+x^2+x^3-x^4-x^5-x^6+x^7-x^8+x^9-x^10)*(1-x^6) +(+x^11-x^12+x^13-x^14+x^15-x^16),6
1291/7168,+-++---+-+-+++---,(+x^0-x^1+x^2+x^3-x^4-x^5-x^6+x^7-x^8+x^9-x^10)*(1-x^6) +(+x^11+x^12+x^13-x^14-x^15-x^16),6
1293/7168,+-++---+-+--+++--,(+x^0-x^1+x^2+x^3-x^4-x^5-x^6+x^7-x^8+x^9-x^10)*(1-x^6) +(-x^11+x^12+x^13+x^14-x^15-x^16),6
1295/7168,+-++---+-+-,(+x^0-x^1+x^2+x^3-x^4-x^5-x^6+x^7-x^8+x^9)*(1-x) +(-x^10),1
1297/7168,+-++---+-++-+-+-+,(+x^0-x^1+x^2+x^3-x^4-x^5-x^6+x^7-x^8+x^9+x^10)*(1-x^6) +(-x^11+x^12-x^13+x^14-x^15+x^16),6
1299/7168,+-++----+--+-+-+-,(+x^0-x^1+x^2+x^3-x^4-x^5-x^6-x^7+x^8-x^9-x^10)*(1-x^6) +(+x^11-x^12+x^13-x^14+x^15-x^16),6
1301/7168,+-++----+----+++-,(+x^0-x^1+x^2+x^3-x^4-x^5-x^6-x^7+x^8-x^9-x^10)*(1-x^6) +(-x^11-x^12+x^13+x^14+x^15-x^16),6
1303/7168,+-++----+-+-+-+-+,(+x^0-x^1+x^2+x^3-x^4-x^5-x^6-x^7+x^8-x^9+x^10)*(1-x^6) +(-x^11+x^12-x^13+x^14-x^15+x^16),6
1305/7168,+-++----++-+++---,(+x^0-x^1+x^2+x^3-x^4-x^5-x^6-x^7+x^8+x^9-x^10)*(1-x^6) +(+x^11+x^12+x^13-x^14-x^15-x^16),6
1307/7168,+-++----++--+++--,(+x^0-x^1+x^2+x^3-x^4-x^5-x^6-x^7+x^8+x^9-x^10)*(1-x^6) +(-x^11+x^12+x^13+x^14-x^15-x^16),6
1309/7168,+-++----++-,(+x^0-x^1+x^2+x^3-x^4-x^5-x^6-x^7+x^8+x^9)*(1-x) +(-x^10),1
1311/7168,+-++----+++-+-+-+,(+x^0-x^1+x^2+x^3-x^4-x^5-x^6-x^7+x^8+x^9+x^10)*(1-x^6) +(-x^11+x^12-x^13+x^14-x^15+x^16),6
1313/7168,+-++----+++-+-+-+,(+x^0-x^1+x^2+x^3-x^4-x^5-x^6-x^7+x^8+x^9+x^10)*(1-x^6) +(-x^11+x^12-x^13+x^14-x^15+x^16),6
1315/7168,+-++----+++++---+,(+x^0-x^1+x^2+x^3-x^4-x^5-x^6-x^7+x^8+x^9+x^10)*(1-x^6) +(+x^11+x^12-x^13-x^14-x^15+x^16),6
1317/7168,+-++----+-+-+-+-+,(+x^0-x^1+x^2+x^3-x^4-x^5-x^6-x^7+x^8-x^9+x^10)*(1-x^6) +(-x^11+x^12-x^13+x^14-x^15+x^16),6
1319/7168,+-++----+-+---+++,(+x^0-x^1+x^2+x^3-x^4-x^5-x^6-x^7+x^8-x^9+x^10)*(1-x^6) +(-x^11-x^12-x^13+x^14+x^15+x^16),6
1321/7168,+-++----+-++---++,(+x^0-x^1+x^2+x^3-x^4-x^5-x^6-x^7+x^8-x^9+x^10)*(1-x^6) +(+x^11-x^12-x^13-x^14+x^15+x^16),6
1323/7168,+-++-----+-,(+x^0-x^1+x^2+x^3-x^4-x^5-x^6-x^7-x^8+x^9)*(1-x) +(-x^10),1
1325/7168,+-++-----++-+-+-+,(+x^0-x^1+x^2+x^3-x^4-x^5-x^6-x^7-x^8+x^9+x^10)*(1-x^6) +(-x^11+x^12-x^13+x^14-x^15+x^16),6
1327/7168,+-++-----++-+-+-+,(+x^0-x^1+x^2+x^3-x^4-x^5-x^6-x^7-x^8+x^9+x^10)*(1-x^6) +(-x^11+x^12-x^13+x^14-x^15+x^16),6
1329/7168,+-++-----++++---+,(+x^0-x^1+x^2+x^3-x^4-x^5-x^6-x^7-x^8+x^9+x^10)*(1-x^6) +(+x^11+x^12-x^13-x^14-x^15+x^16),6
1331/7168,+-++-----+-+-+-+-,(+x^0-x^1+x^2+x^3-x^4-x^5-x^6-x^7-x^8+x^9-x^10)*(1-x^6) +(+x^11-x^12+x^13-x^14+x^15-x^16),6
1333/7168,+-++------+---+++,(+x^0-x^1+x^2+x^3-x^4-x^5-x^6-x^7-x^8-x^9+x^10)*(1-x^6) +(-x^11-x^12-x^13+x^14+x^15+x^16),6
1335/7168,+-++------++---++,(+x^0-x^1+x^2+x^3-x^4-x^5-x^6-x^7-x^8-x^9+x^10)*(1-x^6) +(+x^11-x^12-x^13-x^14+x^15+x^16),6
1337/7168,+-++------+,(+x^0-x^1+x^2+x^3-x^4-x^5-x^6-x^7-x^8-x^9)*(1-x) +(+x^10),1
1339/7168,+-++-------+-+-+-,(+x^0-x^1+x^2+x^3-x^4-x^5-x^6-x^7-x^8-x^9-x^10)*(1-x^6) +(+x^11-x^12+x^13-x^14+x^15-x^16),6
1341/7168,+-++-------+-+-+-,(+x^0-x^1+x^2+x^3-x^4-x^5-x^6-x^7-x^8-x^9-x^10)*(1-x^6) +(+x^11-x^12+x^13-x^14+x^15-x^16),6
1343/7168,+-++---------+++-,(+x^0-x^1+x^2+x^3-x^4-x^5-x^6-x^7-x^8-x^9-x^10)*(1-x^6) +(-x^11-x^12+x^13+x^14+x^15-x^16),6
1447/7168,+-+++-++++--+++--,(+x^0-x^1+x^2+x^3+x^4-x^5+x^6+x^7+x^8+x^9-x^10)*(1-x^6) +(-x^11+x^12+x^13+x^14-x^15-x^16),6
1449/7168,+-+++-++++-,(+x^0-x^1+x^2+x^3+x^4-x^5+x^6+x^7+x^8+x^9)*(1-x) +(-x^10),1
1451/7168,+-+++-+++++-+-+-+,(+x^0-x^1+x^2+x^3+x^4-x^5+x^6+x^7+x^8+x^9+x^10)*(1-x^6) +(-x^11+x^12-x^13+x^14-x^15+x^16),6
1453/7168,+-+++-+++++-+-+-+,(+x^0-x^1+x^2+x^3+x^4-x^5+x^6+x^7+x^8+x^9+x^10)*(1-x^6) +(-x^11+x^12-x^13+x^14-x^15+x^16),6
1455/7168,+-+++-+++++++---+,(+x^0-x^1+x^2+x^3+x^4-x^5+x^6+x^7+x^8+x^9+x^10)*(1-x^6) +(+x^11+x^12-x^13-x^14-x^15+x^16),6
1457/7168,+-+++-+-+-+-+-+-+,(+x^0-x^1+x^2+x^3+x^4-x^5+x^6-x^7+x^8-x^9+x^10)*(1-x^6) +(-x^11+x^12-x^13+x^14-x^15+x^16),6
1459/7168,+-+++-+-+-+---+++,(+x^0-x^1+x^2+x^3+x^4-x^5+x^6-x^7+x^8-x^9+x^10)*(1-x^6) +(-x^11-x^12-x^13+x^14+x^15+x^16),6
1461/7168,+-+++-+-+-++---++,(+x^0-x^1+x^2+x^3+x^4-x^5+x^6-x^7+x^8-x^9+x^10)*(1-x^6) +(+x^11-x^12-x^13-x^14+x^15+x^16),6
1463/7168,+-+++-+-+-+,(+x^0-x^1+x^2+x^3+x^4-x^5+x^6-x^7+x^8-x^9)*(1-x) +(+x^10),1
1465/7168,+-+++-+-+--+-+-+-,(+x^0-x^1+x^2+x^3+x^4-x^5+x^6-x^7+x^8-x^9-x^10)*(1-x^6) +(+x^11-x^12+x^13-x^14+x^15-x^16),6
1467/7168,+-+++-+-+--+-+-+-,(+x^0-x^1+x^2+x^3+x^4-x^5+x^6-x^7+x^8-x^9-x^10)*(1-x^6) +(+x^11-x^12+x^13-x^14+x^15-x^16),6
1471/7168,+-+++-+-+-+-+-+-+,(+x^0-x^1+x^2+x^3+x^4-x^5+x^6-x^7+x^8-x^9+x^10)*(1-x^6) +(-x^11+x^12-x^13+x^14-x^15+x^16),6
1473/7168,+-+++-+-++-+++---,(+x^0-x^1+x^2+x^3+x^4-x^5+x^6-x^7+x^8+x^9-x^10)*(1-x^6) +(+x^11+x^12+x^13-x^14-x^15-x^16),6
1475/7168,+-+++-+-++--+++--,(+x^0-x^1+x^2+x^3+x^4-x^5+x^6-x^7+x^8+x^9-x^10)*(1-x^6) +(-x^11+x^12+x^13+x^14-x^15-x^16),6
1477/7168,+-+++-+-++-,(+x^0-x^1+x^2+x^3+x^4-x^5+x^6-x^7+x^8+x^9)*(1-x) +(-x^10),1
1479/7168,+-+++-+-+++-+-+-+,(+x^0-x^1+x^2+x^3+x^4-x^5+x^6-x^7+x^8+x^9+x^10)*(1-x^6) +(-x^11+x^12-x^13+x^14-x^15+x^16),6
1481/7168,+-+++--+---+-+-+-,(+x^0-x^1+x^2+x^3+x^4-x^5-x^6+x^7-x^8-x^9-x^10)*(1-x^6) +(+x^11-x^12+x^13-x^14+x^15-x^16),6
1483/7168,+-+++--+-----+++-,(+x^0-x^1+x^2+x^3+x^4-x^5-x^6+x^7-x^8-x^9-x^10)*(1-x^6) +(-x^11-x^12+x^13+x^14+x^15-x^16),6
1485/7168,+-+++--+-+-+-+-+-,(+x^0-x^1+x^2+x^3+x^4-x^5-x^6+x^7-x^8+x^9-x^10)*(1-x^6) +(+x^11-x^12+x^13-x^14+x^15-x^16),6
1487/7168,+-+++--+-+-+++---,(+x^0-x^1+x^2+x^3+x^4-x^5-x^6+x^7-x^8+x^9-x^10)*(1-x^6) +(+x^11+x^12+x^13-x^14-x^15-x^16),6
1489/7168,+-+++--+-+--+++--,(+x^0-x^1+x^2+x^3+x^4-x^5-x^6+x^7-x^8+x^9-x^10)*(1-x^6) +(-x^11+x^12+x^13+x^14-x^15-x^16),6
1491/7168,+-+++--++-+,(+x^0-x^1+x^2+x^3+x^4-x^5-x^6+x^7+x^8-x^9)*(1-x) +(+x^10),1
1493/7168,+-+++--++--+-+-+-,(+x^0-x^1+x^2+x^3+x^4-x^5-x^6+x^7+x^8-x^9-x^10)*(1-x^6) +(+x^11-x^12+x^13-x^14+x^15-x^16),6
1495/7168,+-+++--++--+-+-+-,(+x^0-x^1+x^2+x^3+x^4-x^5-x^6+x^7+x^8-x^9-x^10)*(1-x^6) +(+x^11-x^12+x^13-x^14+x^15-x^16),6
1497/7168,+-+++--++----+++-,(+x^0-x^1+x^2+x^3+x^4-x^5-x^6+x^7+x^8-x^9-x^10)*(1-x^6) +(-x^11-x^12+x^13+x^14+x^15-x^16),6
1499/7168,+-+++--++-+-+-+-+,(+x^0-x^1+x^2+x^3+x^4-x^5-x^6+x^7+x^8-x^9+x^10)*(1-x^6) +(-x^11+x^12-x^13+x^14-x^15+x^16),6
1501/7168,+-+++--+++-+++---,(+x^0-x^1+x^2+x^3+x^4-x^5-x^6+x^7+x^8+x^9-x^10)*(1-x^6) +(+x^11+x^12+x^13-x^14-x^15-x^16),6
1503/7168,+-+++--+++--+++--,(+x^0-x^1+x^2+x^3+x^4-x^5-x^6+x^7+x^8+x^9-x^10)*(1-x^6) +(-x^11+x^12+x^13+x^14-x^15-x^16),6
1505/7168,+-+++--+++-,(+x^0-x^1+x^2+x^3+x^4-x^5-x^6+x^7+x^8+x^9)*(1-x) +(-x^10),1
1507/7168,+-+++--++++-+-+-+,(+x^0-x^1+x^2+x^3+x^4-x^5-x^6+x^7+x^8+x^9+x^10)*(1-x^6) +(-x^11+x^12-x^13+x^14-x^15+x^16),6
1509/7168,+-+++--++++-+-+-+,(+x^0-x^1+x^2+x^3+x^4-x^5-x^6+x^7+x^8+x^9+x^10)*(1-x^6) +(-x^11+x^12-x^13+x^14-x^15+x^16),6
1511/7168,+-+++--++++++---+,(+x^0-x^1+x^2+x^3+x^4-x^5-x^6+x^7+x^8+x^9+x^10)*(1-x^6) +(+x^11+x^12-x^13-x^14-x^15+x^16),6
1513/7168,+-+++--+-+-+-+-+-,(+x^0-x^1+x^2+x^3+x^4-x^5-x^6+x^7-x^8+x^9-x^10)*(1-x^6) +(+x^11-x^12+x^13-x^14+x^15-x^16),6
1515/7168,+-+++--+-+-+++---,(+x^0-x^1+x^2+x^3+x^4-x^5-x^6+x^7-x^8+x^9-x^10)*(1-x^6) +(+x^11+x^12+x^13-x^14-x^15-x^16),6
1517/7168,+-+++--+-+--+++--,(+x^0-x^1+x^2+x^3+x^4-x^5-x^6+x^7-x^8+x^9-x^10)*(1-x^6) +(-x^11+x^12+x^13+x^14-x^15-x^16),6
1519/7168,+-+++--+-+-,(+x^0-x^1+x^2+x^3+x^4-x^5-x^6+x^7-x^8+x^9)*(1-x) +(-x^10),1
1521/7168,+-+++--+-++-+-+-+,(+x^0-x^1+x^2+x^3+x^4-x^5-x^6+x^7-x^8+x^9+x^10)*(1-x^6) +(-x^11+x^12-x^13+x^14-x^15+x^16),6
1523/7168,+-+++--+-++-+-+-+,(+x^0-x^1+x^2+x^3+x^4-x^5-x^6+x^7-x^8+x^9+x^10)*(1-x^6) +(-x^11+x^12-x^13+x^14-x^15+x^16),6
1525/7168,+-+++---+----+++-,(+x^0-x^1+x^2+x^3+x^4-x^5-x^6-x^7+x^8-x^9-x^10)*(1-x^6) +(-x^11-x^12+x^13+x^14+x^15-x^16),6
1527/7168,+-+++---+-+-+-+-+,(+x^0-x^1+x^2+x^3+x^4-x^5-x^6-x^7+x^8-x^9+x^10)*(1-x^6) +(-x^11+x^12-x^13+x^14-x^15+x^16),6
1529/7168,+-+++---++-+++---,(+x^0-x^1+x^2+x^3+x^4-x^5-x^6-x^7+x^8+x^9-x^10)*(1-x^6) +(+x^11+x^12+x^13-x^14-x^15-x^16),6
1531/7168,+-+++---++--+++--,(+x^0-x^1+x^2+x^3+x^4-x^5-x^6-x^7+x^8+x^9-x^10)*(1-x^6) +(-x^11+x^12+x^13+x^14-x^15-x^16),6
1533/7168,+-+++---++-,(+x^0-x^1+x^2+x^3+x^4-x^5-x^6-x^7+x^8+x^9)*(1-x) +(-x^10),1
1535/7168,+-+++---+++-+-+-+,(+x^0-x^1+x^2+x^3+x^4-x^5-x^6-x^7+x^8+x^9+x^10)*(1-x^6) +(-x^11+x^12-x^13+x^14-x^15+x^16),6
1537/7168,+-+++---+++-+-+-+,(+x^0-x^1+x^2+x^3+x^4-x^5-x^6-x^7+x^8+x^9+x^10)*(1-x^6) +(-x^11+x^12-x^13+x^14-x^15+x^16),6
1539/7168,+-+++---+++++---+,(+x^0-x^1+x^2+x^3+x^4-x^5-x^6-x^7+x^8+x^9+x^10)*(1-x^6) +(+x^11+x^12-x^13-x^14-x^15+x^16),6
1541/7168,+-+++---+-+-+-+-+,(+x^0-x^1+x^2+x^3+x^4-x^5-x^6-x^7+x^8-x^9+x^10)*(1-x^6) +(-x^11+x^12-x^13+x^14-x^15+x^16),6
1543/7168,+-+++---+-+---+++,(+x^0-x^1+x^2+x^3+x^4-x^5-x^6-x^7+x^8-x^9+x^10)*(1-x^6) +(-x^11-x^12-x^13+x^14+x^15+x^16),6
1545/7168,+-+++---+-++---++,(+x^0-x^1+x^2+x^3+x^4-x^5-x^6-x^7+x^8-x^9+x^10)*(1-x^6) +(+x^11-x^12-x^13-x^14+x^15+x^16),6
1547/7168,+-+++----+-,(+x^0-x^1+x^2+x^3+x^4-x^5-x^6-x^7-x^8+x^9)*(1-x) +(-x^10),1
1549/7168,+-+++----++-+-+-+,(+x^0-x^1+x^2+x^3+x^4-x^5-x^6-x^7-x^8+x^9+x^10)*(1-x^6) +(-x^11+x^12-x^13+x^14-x^15+x^16),6
1551/7168,+-+++----++-+-+-+,(+x^0-x^1+x^2+x^3+x^4-x^5-x^6-x^7-x^8+x^9+x^10)*(1-x^6) +(-x^11+x^12-x^13+x^14-x^15+x^16),6
1553/7168,+-+++----++++---+,(+x^0-x^1+x^2+x^3+x^4-x^5-x^6-x^7-x^8+x^9+x^10)*(1-x^6) +(+x^11+x^12-x^13-x^14-x^15+x^16),6
1555/7168,+-+++----+-+-+-+-,(+x^0-x^1+x^2+x^3+x^4-x^5-x^6-x^7-x^8+x^9-x^10)*(1-x^6) +(+x^11-x^12+x^13-x^14+x^15-x^16),6
1557/7168,+-+++----+-+++---,(+x^0-x^1+x^2+x^3+x^4-x^5-x^6-x^7-x^8+x^9-x^10)*(1-x^6) +(+x^11+x^12+x^13-x^14-x^15-x^16),6
1559/7168,+-+++-----++---++,(+x^0-x^1+x^2+x^3+x^4-x^5-x^6-x^7-x^8-x^9+x^10)*(1-x^6) +(+x^11-x^12-x^13-x^14+x^15+x^16),6
1561/7168,+-+++-----+,(+x^0-x^1+x^2+x^3+x^4-x^5-x^6-x^7-x^8-x^9)*(1-x) +(+x^10),1
1563/7168,+-+++------+-+-+-,(+x^0-x^1+x^2+x^3+x^4-x^5-x^6-x^7-x^8-x^9-x^10)*(1-x^6) +(+x^11-x^12+x^13-x^14+x^15-x^16),6
1565/7168,+-+++------+-+-+-,(+x^0-x^1+x^2+x^3+x^4-x^5-x^6-x^7-x^8-x^9-x^10)*(1-x^6) +(+x^11-x^12+x^13-x^14+x^15-x^16),6
1567/7168,+-+++--------+++-,(+x^0-x^1+x^2+x^3+x^4-x^5-x^6-x^7-x^8-x^9-x^10)*(1-x^6) +(-x^11-x^12+x^13+x^14+x^15-x^16),6
1569/7168,+-+++-+-+-+-+-+-+,(+x^0-x^1+x^2+x^3+x^4-x^5+x^6-x^7+x^8-x^9+x^10)*(1-x^6) +(-x^11+x^12-x^13+x^14-x^15+x^16),6
1571/7168,+-+++-+-+-+---+++,(+x^0-x^1+x^2+x^3+x^4-x^5+x^6-x^7+x^8-x^9+x^10)*(1-x^6) +(-x^11-x^12-x^13+x^14+x^15+x^16),6
1573/7168,+-+++-+-+-++---++,(+x^0-x^1+x^2+x^3+x^4-x^5+x^6-x^7+x^8-x^9+x^10)*(1-x^6) +(+x^11-x^12-x^13-x^14+x^15+x^16),6
1575/7168,+-+++-+-+-+,(+x^0-x^1+x^2+x^3+x^4-x^5+x^6-x^7+x^8-x^9)*(1-x) +(+x^10),1
1577/7168,+-+++-+-+--+-+-+-,(+x^0-x^1+x^2+x^3+x^4-x^5+x^6-x^7+x^8-x^9-x^10)*(1-x^6) +(+x^11-x^12+x^13-x^14+x^15-x^16),6
1579/7168,+-+++-+-+--+-+-+-,(+x^0-x^1+x^2+x^3+x^4-x^5+x^6-x^7+x^8-x^9-x^10)*(1-x^6) +(+x^11-x^12+x^13-x^14+x^15-x^16),6
1583/7168,+-+++-+-+-+-+-+-+,(+x^0-x^1+x^2+x^3+x^4-x^5+x^6-x^7+x^8-x^9+x^10)*(1-x^6) +(-x^11+x^12-x^13+x^14-x^15+x^16),6
1585/7168,+-+++-+-+-+---+++,(+x^0-x^1+x^2+x^3+x^4-x^5+x^6-x^7+x^8-x^9+x^10)*(1-x^6) +(-x^11-x^12-x^13+x^14+x^15+x^16),6
1587/7168,+-+++-+-++--+++--,(+x^0-x^1+x^2+x^3+x^4-x^5+x^6-x^7+x^8+x^9-x^10)*(1-x^6) +(-x^11+x^12+x^13+x^14-x^15-x^16),6
1589/7168,+-+++-+-++-,(+x^0-x^1+x^2+x^3+x^4-x^5+x^6-x^7+x^8+x^9)*(1-x) +(-x^10),1
1591/7168,+-+++-+-+++-+-+-+,(+x^0-x^1+x^2+x^3+x^4-x^5+x^6-x^7+x^8+x^9+x^10)*(1-x^6) +(-x^11+x^12-x^13+x^14-x^15+x^16),6
1593/7168,+-+++-+-+++-+-+-+,(+x^0-x^1+x^2+x^3+x^4-x^5+x^6-x^7+x^8+x^9+x^10)*(1-x^6) +(-x^11+x^12-x^13+x^14-x^15+x^16),6
1595/7168,+-+++-+-+++++---+,(+x^0-x^1+x^2+x^3+x^4-x^5+x^6-x^7+x^8+x^9+x^10)*(1-x^6) +(+x^11+x^12-x^13-x^14-x^15+x^16),6
1597/7168,+-+++-+-+-+-+-+-+,(+x^0-x^1+x^2+x^3+x^4-x^5+x^6-x^7+x^8-x^9+x^10)*(1-x^6) +(-x^11+x^12-x^13+x^14-x^15+x^16),6
1599/7168,+-+++-+-+-+---+++,(+x^0-x^1+x^2+x^3+x^4-x^5+x^6-x^7+x^8-x^9+x^10)*(1-x^6) +(-x^11-x^12-x^13+x^14+x^15+x^16),6
1601/7168,+-+++-+-+-++---++,(+x^0-x^1+x^2+x^3+x^4-x^5+x^6-x^7+x^8-x^9+x^10)*(1-x^6) +(+x^11-x^12-x^13-x^14+x^15+x^16),6
1603/7168,+-+++-+--+-,(+x^0-x^1+x^2+x^3+x^4-x^5+x^6-x^7-x^8+x^9)*(1-x) +(-x^10),1
1605/7168,+-+++-+--++-+-+-+,(+x^0-x^1+x^2+x^3+x^4-x^5+x^6-x^7-x^8+x^9+x^10)*(1-x^6) +(-x^11+x^12-x^13+x^14-x^15+x^16),6
1607/7168,+-+++-+--++-+-+-+,(+x^0-x^1+x^2+x^3+x^4-x^5+x^6-x^7-x^8+x^9+x^10)*(1-x^6) +(-x^11+x^12-x^13+x^14-x^15+x^16),6
1609/7168,+-+++-+--++++---+,(+x^0-x^1+x^2+x^3+x^4-x^5+x^6-x^7-x^8+x^9+x^10)*(1-x^6) +(+x^11+x^12-x^13-x^14-x^15+x^16),6
1611/7168,+-+++-+--+-+-+-+-,(+x^0-x^1+x^2+x^3+x^4-x^5+x^6-x^7-x^8+x^9-x^10)*(1-x^6) +(+x^11-x^12+x^13-x^14+x^15-x^16),6
1613/7168,+-+++-+--+-+++---,(+x^0-x^1+x^2+x^3+x^4-x^5+x^6-x^7-x^8+x^9-x^10)*(1-x^6) +(+x^11+x^12+x^13-x^14-x^15-x^16),6
1615/7168,+-+++-+---++---++,(+x^0-x^1+x^2+x^3+x^4-x^5+x^6-x^7-x^8-x^9+x^10)*(1-x^6) +(+x^11-x^12-x^13-x^14+x^15+x^16),6
1617/7168,+-+++-+---+,(+x^0-x^1+x^2+x^3+x^4-x^5+x^6-x^7-x^8-x^9)*(1-x) +(+x^10),1
1619/7168,+-++++-++++-+-+-+,(+x^0-x^1+x^2+x^3+x^4+x^5-x^6+x^7+x^8+x^9+x^10)*(1-x^6) +(-x^11+x^12-x^13+x^14-x^15+x^16),6
1621/7168,+-++++-++++-+-+-+,(+x^0-x^1+x^2+x^3+x^4+x^5-x^6+x^7+x^8+x^9+x^10)*(1-x^6) +(-x^11+x^12-x^13+x^14-x^15+x^16),6
1623/7168,+-++++-++++++---+,(+x^0-x^1+x^2+x^3+x^4+x^5-x^6+x^7+x^8+x^9+x^10)*(1-x^6) +(+x^11+x^12-x^13-x^14-x^15+x^16),6
1625/7168,+-++++-+-+-+-+-+-,(+x^0-x^1+x^2+x^3+x^4+x^5-x^6+x^7-x^8+x^9-x^10)*(1-x^6) +(+x^11-x^12+x^13-x^14+x^15-x^16),6
1627/7168,+-++++-+-+-+++---,(+x^0-x^1+x^2+x^3+x^4+x^5-x^6+x^7-x^8+x^9-x^10)*(1-x^6) +(+x^11+x^12+x^13-x^14-x^15-x^16),6
1629/7168,+-++++-+-+--+++--,(+x^0-x^1+x^2+x^3+x^4+x^5-x^6+x^7-x^8+x^9-x^10)*(1-x^6) +(-x^11+x^12+x^13+x^14-x^15-x^16),6
1631/7168,+-++++-+-+-,(+x^0-x^1+x^2+x^3+x^4+x^5-x^6+x^7-x^8+x^9)*(1-x) +(-x^10),1
1633/7168,+-++++-+-++-+-+-+,(+x^0-x^1+x^2+x^3+x^4+x^5-x^6+x^7-x^8+x^9+x^10)*(1-x^6) +(-x^11+x^12-x^13+x^14-x^15+x^16),6
1635/7168,+-++++-+-++-+-+-+,(+x^0-x^1+x^2+x^3+x^4+x^5-x^6+x^7-x^8+x^9+x^10)*(1-x^6) +(-x^11+x^12-x^13+x^14-x^15+x^16),6
1637/7168,+-++++--+----+++-,(+x^0-x^1+x^2+x^3+x^4+x^5-x^6-x^7+x^8-x^9-x^10)*(1-x^6) +(-x^11-x^12+x^13+x^14+x^15-x^16),6
1639/7168,+-++++--+-+-+-+-+,(+x^0-x^1+x^2+x^3+x^4+x^5-x^6-x^7+x^8-x^9+x^10)*(1-x^6) +(-x^11+x^12-x^13+x^14-x^15+x^16),6
1641/7168,+-++++--+-+---+++,(+x^0-x^1+x^2+x^3+x^4+x^5-x^6-x^7+x^8-x^9+x^10)*(1-x^6) +(-x^11-x^12-x^13+x^14+x^15+x^16),6
1643/7168,+-++++--++--+++--,(+x^0-x^1+x^2+x^3+x^4+x^5-x^6-x^7+x^8+x^9-x^10)*(1-x^6) +(-x^11+x^12+x^13+x^14-x^15-x^16),6
1645/7168,+-++++--++-,(+x^0-x^1+x^2+x^3+x^4+x^5-x^6-x^7+x^8+x^9)*(1-x) +(-x^10),1
1647/7168,+-++++--+++-+-+-+,(+x^0-x^1+x^2+x^3+x^4+x^5-x^6-x^7+x^8+x^9+x^10)*(1-x^6) +(-x^11+x^12-x^13+x^14-x^15+x^16),6
1649/7168,+-++++--+++-+-+-+,(+x^0-x^1+x^2+x^3+x^4+x^5-x^6-x^7+x^8+x^9+x^10)*(1-x^6) +(-x^11+x^12-x^13+x^14-x^15+x^16),6
1651/7168,+-++++--+++++---+,(+x^0-x^1+x^2+x^3+x^4+x^5-x^6-x^7+x^8+x^9+x^10)*(1-x^6) +(+x^11+x^12-x^13-x^14-x^15+x^16),6
1653/7168,+-++++--+-+-+-+-+,(+x^0-x^1+x^2+x^3+x^4+x^5-x^6-x^7+x^8-x^9+x^10)*(1-x^6) +(-x^11+x^12-x^13+x^14-x^15+x^16),6
1655/7168,+-++++--+-+---+++,(+x^0-x^1+x^2+x^3+x^4+x^5-x^6-x^7+x^8-x^9+x^10)*(1-x^6) +(-x^11-x^12-x^13+x^14+x^15+x^16),6
1657/7168,+-++++--+-++---++,(+x^0-x^1+x^2+x^3+x^4+x^5-x^6-x^7+x^8-x^9+x^10)*(1-x^6) +(+x^11-x^12-x^13-x^14+x^15+x^16),6
1659/7168,+-++++---+-,(+x^0-x^1+x^2+x^3+x^4+x^5-x^6-x^7-x^8+x^9)*(1-x) +(-x^10),1
1661/7168,+-++++---++-+-+-+,(+x^0-x^1+x^2+x^3+x^4+x^5-x^6-x^7-x^8+x^9+x^10)*(1-x^6) +(-x^11+x^12-x^13+x^14-x^15+x^16),6
1663/7168,+-++++---++-+-+-+,(+x^0-x^1+x^2+x^3+x^4+x^5-x^6-x^7-x^8+x^9+x^10)*(1-x^6) +(-x^11+x^12-x^13+x^14-x^15+x^16),6
1665/7168,+-++++---++++---+,(+x^0-x^1+x^2+x^3+x^4+x^5-x^6-x^7-x^8+x^9+x^10)*(1-x^6) +(+x^11+x^12-x^13-x^14-x^15+x^16),6
1667/7168,+-++++---+-+-+-+-,(+x^0-x^1+x^2+x^3+x^4+x^5-x^6-x^7-x^8+x^9-x^10)*(1-x^6) +(+x^11-x^12+x^13-x^14+x^15-x^16),6
1669/7168,+-++++---+-+++---,(+x^0-x^1+x^2+x^3+x^4+x^5-x^6-x^7-x^8+x^9-x^10)*(1-x^6) +(+x^11+x^12+x^13-x^14-x^15-x^16),6
1671/7168,+-++++----++---++,(+x^0-x^1+x^2+x^3+x^4+x^5-x^6-x^7-x^8-x^9+x^10)*(1-x^6) +(+x^11-x^12-x^13-x^14+x^15+x^16),6
1673/7168,+-++++----+,(+x^0-x^1+x^2+x^3+x^4+x^5-x^6-x^7-x^8-x^9)*(1-x) +(+x^10),1
1675/7168,+-++++-----+-+-+-,(+x^0-x^1+x^2+x^3+x^4+x^5-x^6-x^7-x^8-x^9-x^10)*(1-x^6) +(+x^11-x^12+x^13-x^14+x^15-x^16),6
1677/7168,+-++++-----+-+-+-,(+x^0-x^1+x^2+x^3+x^4+x^5-x^6-x^7-x^8-x^9-x^10)*(1-x^6) +(+x^11-x^12+x^13-x^14+x^15-x^16),6
1679/7168,+-++++-------+++-,(+x^0-x^1+x^2+x^3+x^4+x^5-x^6-x^7-x^8-x^9-x^10)*(1-x^6) +(-x^11-x^12+x^13+x^14+x^15-x^16),6
1681/7168,+-++++-+-+-+-+-+-,(+x^0-x^1+x^2+x^3+x^4+x^5-x^6+x^7-x^8+x^9-x^10)*(1-x^6) +(+x^11-x^12+x^13-x^14+x^15-x^16),6
1683/7168,+-++++-+-+-+++---,(+x^0-x^1+x^2+x^3+x^4+x^5-x^6+x^7-x^8+x^9-x^10)*(1-x^6) +(+x^11+x^12+x^13-x^14-x^15-x^16),6
1685/7168,+-++++-+-+--+++--,(+x^0-x^1+x^2+x^3+x^4+x^5-x^6+x^7-x^8+x^9-x^10)*(1-x^6) +(-x^11+x^12+x^13+x^14-x^15-x^16),6
1687/7168,+-++++-+-+-,(+x^0-x^1+x^2+x^3+x^4+x^5-x^6+x^7-x^8+x^9)*(1-x) +(-x^10),1
1689/7168,+-++++-+-++-+-+-+,(+x^0-x^1+x^2+x^3+x^4+x^5-x^6+x^7-x^8+x^9+x^10)*(1-x^6) +(-x^11+x^12-x^13+x^14-x^15+x^16),6
1691/7168,+-++++-+-++-+-+-+,(+x^0-x^1+x^2+x^3+x^4+x^5-x^6+x^7-x^8+x^9+x^10)*(1-x^6) +(-x^11+x^12-x^13+x^14-x^15+x^16),6
1693/7168,+-++++-+-++++---+,(+x^0-x^1+x^2+x^3+x^4+x^5-x^6+x^7-x^8+x^9+x^10)*(1-x^6) +(+x^11+x^12-x^13-x^14-x^15+x^16),6
1695/7168,+-++++-+-+-+-+-+-,(+x^0-x^1+x^2+x^3+x^4+x^5-x^6+x^7-x^8+x^9-x^10)*(1-x^6) +(+x^11-x^12+x^13-x^14+x^15-x^16),6
1697/7168,+-++++-+-+-+++---,(+x^0-x^1+x^2+x^3+x^4+x^5-x^6+x^7-x^8+x^9-x^10)*(1-x^6) +(+x^11+x^12+x^13-x^14-x^15-x^16),6
1699/7168,+-++++-+--++---++,(+x^0-x^1+x^2+x^3+x^4+x^5-x^6+x^7-x^8-x^9+x^10)*(1-x^6) +(+x^11-x^12-x^13-x^14+x^15+x^16),6
1701/7168,+-++++-+--+,(+x^0-x^1+x^2+x^3+x^4+x^5-x^6+x^7-x^8-x^9)*(1-x) +(+x^10),1
1703/7168,+-++++-+---+-+-+-,(+x^0-x^1+x^2+x^3+x^4+x^5-x^6+x^7-x^8-x^9-x^10)*(1-x^6) +(+x^11-x^12+x^13-x^14+x^15-x^16),6
1705/7168,+-++++-+---+-+-+-,(+x^0-x^1+x^2+x^3+x^4+x^5-x^6+x^7-x^8-x^9-x^10)*(1-x^6) +(+x^11-x^12+x^13-x^14+x^15-x^16),6
1707/7168,+-+++++-+++++---+,(+x^0-x^1+x^2+x^3+x^4+x^5+x^6-x^7+x^8+x^9+x^10)*(1-x^6) +(+x^11+x^12-x^13-x^14-x^15+x^16),6
1709/7168,+-+++++-+-+-+-+-+,(+x^0-x^1+x^2+x^3+x^4+x^5+x^6-x^7+x^8-x^9+x^10)*(1-x^6) +(-x^11+x^12-x^13+x^14-x^15+x^16),6
1711/7168,+-+++++-+-+---+++,(+x^0-x^1+x^2+x^3+x^4+x^5+x^6-x^7+x^8-x^9+x^10)*(1-x^6) +(-x^11-x^12-x^13+x^14+x^15+x^16),6
1713/7168,+-+++++-+-++---++,(+x^0-x^1+x^2+x^3+x^4+x^5+x^6-x^7+x^8-x^9+x^10)*(1-x^6) +(+x^11-x^12-x^13-x^14+x^15+x^16),6
1715/7168,+-+++++--+-,(+x^0-x^1+x^2+x^3+x^4+x^5+x^6-x^7-x^8+x^9)*(1-x) +(-x^10),1
1717/7168,+-+++++--++-+-+-+,(+x^0-x^1+x^2+x^3+x^4+x^5+x^6-x^7-x^8+x^9+x^10)*(1-x^6) +(-x^11+x^12-x^13+x^14-x^15+x^16),6
1719/7168,+-+++++--++-+-+-+,(+x^0-x^1+x^2+x^3+x^4+x^5+x^6-x^7-x^8+x^9+x^10)*(1-x^6) +(-x^11+x^12-x^13+x^14-x^15+x^16),6
1721/7168,+-+++++--++++---+,(+x^0-x^1+x^2+x^3+x^4+x^5+x^6-x^7-x^8+x^9+x^10)*(1-x^6) +(+x^11+x^12-x^13-x^14-x^15+x^16),6
1723/7168,+-+++++--+-+-+-+-,(+x^0-x^1+x^2+x^3+x^4+x^5+x^6-x^7-x^8+x^9-x^10)*(1-x^6) +(+x^11-x^12+x^13-x^14+x^15-x^16),6
1725/7168,+-+++++--+-+++---,(+x^0-x^1+x^2+x^3+x^4+x^5+x^6-x^7-x^8+x^9-x^10)*(1-x^6) +(+x^11+x^12+x^13-x^14-x^15-x^16),6
1727/7168,+-+++++---++---++,(+x^0-x^1+x^2+x^3+x^4+x^5+x^6-x^7-x^8-x^9+x^10)*(1-x^6) +(+x^11-x^12-x^13-x^14+x^15+x^16),6
1729/7168,+-+++++---+,(+x^0-x^1+x^2+x^3+x^4+x^5+x^6-x^7-x^8-x^9)*(1-x) +(+x^10),1
1731/7168,+-+++++----+-+-+-,(+x^0-x^1+x^2+x^3+x^4+x^5+x^6-x^7-x^8-x^9-x^10)*(1-x^6) +(+x^11-x^12+x^13-x^14+x^15-x^16),6
1733/7168,+-+++++----+-+-+-,(+x^0-x^1+x^2+x^3+x^4+x^5+x^6-x^7-x^8-x^9-x^10)*(1-x^6) +(+x^11-x^12+x^13-x^14+x^15-x^16),6
1735/7168,+-+++++------+++-,(+x^0-x^1+x^2+x^3+x^4+x^5+x^6-x^7-x^8-x^9-x^10)*(1-x^6) +(-x^11-x^12+x^13+x^14+x^15-x^16),6
1737/7168,+-+++++-+-+-+-+-+,(+x^0-x^1+x^2+x^3+x^4+x^5+x^6-x^7+x^8-x^9+x^10)*(1-x^6) +(-x^11+x^12-x^13+x^14-x^15+x^16),6
1739/7168,+-+++++-+-+---+++,(+x^0-x^1+x^2+x^3+x^4+x^5+x^6-x^7+x^8-x^9+x^10)*(1-x^6) +(-x^11-x^12-x^13+x^14+x^15+x^16),6
1741/7168,+-+++++-+-++---++,(+x^0-x^1+x^2+x^3+x^4+x^5+x^6-x^7+x^8-x^9+x^10)*(1-x^6) +(+x^11-x^12-x^13-x^14+x^15+x^16),6
1743/7168,+-+++++-+-+,(+x^0-x^1+x^2+x^3+x^4+x^5+x^6-x^7+x^8-x^9)*(1-x) +(+x^10),1
1745/7168,+-+++++-+--+-+-+-,(+x^0-x^1+x^2+x^3+x^4+x^5+x^6-x^7+x^8-x^9-x^10)*(1-x^6) +(+x^11-x^12+x^13-x^14+x^15-x^16),6
1747/7168,+-+++++-+--+-+-+-,(+x^0-x^1+x^2+x^3+x^4+x^5+x^6-x^7+x^8-x^9-x^10)*(1-x^6) +(+x^11-x^12+x^13-x^14+x^15-x^16),6
1749/7168,+-+++++-+----+++-,(+x^0-x^1+x^2+x^3+x^4+x^5+x^6-x^7+x^8-x^9-x^10)*(1-x^6) +(-x^11-x^12+x^13+x^14+x^15-x^16),6
1751/7168,+-++++++-+-+-+-+-,(+x^0-x^1+x^2+x^3+x^4+x^5+x^6+x^7-x^8+x^9-x^10)*(1-x^6) +(+x^11-x^12+x^13-x^14+x^15-x^16),6
1753/7168,+-++++++-+-+++---,(+x^0-x^1+x^2+x^3+x^4+x^5+x^6+x^7-x^8+x^9-x^10)*(1-x^6) +(+x^11+x^12+x^13-x^14-x^15-x^16),6
1755/7168,+-++++++--++---++,(+x^0-x^1+x^2+x^3+x^4+x^5+x^6+x^7-x^8-x^9+x^10)*(1-x^6) +(+x^11-x^12-x^13-x^14+x^15+x^16),6
1757/7168,+-++++++--+,(+x^0-x^1+x^2+x^3+x^4+x^5+x^6+x^7-x^8-x^9)*(1-x) +(+x^10),1
1759/7168,+-++++++---+-+-+-,(+x^0-x^1+x^2+x^3+x^4+x^5+x^6+x^7-x^8-x^9-x^10)*(1-x^6) +(+x^11-x^12+x^13-x^14+x^15-x^16),6
1761/7168,+-++++++---+-+-+-,(+x^0-x^1+x^2+x^3+x^4+x^5+x^6+x^7-x^8-x^9-x^10)*(1-x^6) +(+x^11-x^12+x^13-x^14+x^15-x^16),6
1763/7168,+-++++++-----+++-,(+x^0-x^1+x^2+x^3+x^4+x^5+x^6+x^7-x^8-x^9-x^10)*(1-x^6) +(-x^11-x^12+x^13+x^14+x^15-x^16),6
1765/7168,+-++++++-+-+-+-+-,(+x^0-x^1+x^2+x^3+x^4+x^5+x^6+x^7-x^8+x^9-x^10)*(1-x^6) +(+x^11-x^12+x^13-x^14+x^15-x^16),6
1767/7168,+-++++++-+-+++---,(+x^0-x^1+x^2+x^3+x^4+x^5+x^6+x^7-x^8+x^9-x^10)*(1-x^6) +(+x^11+x^12+x^13-x^14-x^15-x^16),6
1769/7168,+-++++++-+--+++--,(+x^0-x^1+x^2+x^3+x^4+x^5+x^6+x^7-x^8+x^9-x^10)*(1-x^6) +(-x^11+x^12+x^13+x^14-x^15-x^16),6
1771/7168,+-+++++++-+,(+x^0-x^1+x^2+x^3+x^4+x^5+x^6+x^7+x^8-x^9)*(1-x) +(+x^10),1
1773/7168,+-+++++++--+-+-+-,(+x^0-x^1+x^2+x^3+x^4+x^5+x^6+x^7+x^8-x^9-x^10)*(1-x^6) +(+x^11-x^12+x^13-x^14+x^15-x^16),6
1775/7168,+-+++++++--+-+-+-,(+x^0-x^1+x^2+x^3+x^4+x^5+x^6+x^7+x^8-x^9-x^10)*(1-x^6) +(+x^11-x^12+x^13-x^14+x^15-x^16),6
1777/7168,+-+++++++----+++-,(+x^0-x^1+x^2+x^3+x^4+x^5+x^6+x^7+x^8-x^9-x^10)*(1-x^6) +(-x^11-x^12+x^13+x^14+x^15-x^16),6
1779/7168,+-+++++++-+-+-+-+,(+x^0-x^1+x^2+x^3+x^4+x^5+x^6+x^7+x^8-x^9+x^10)*(1-x^6) +(-x^11+x^12-x^13+x^14-x^15+x^16),6
1781/7168,+-+++++++-+---+++,(+x^0-x^1+x^2+x^3+x^4+x^5+x^6+x^7+x^8-x^9+x^10)*(1-x^6) +(-x^11-x^12-x^13+x^14+x^15+x^16),6
1783/7168,+-++++++++--+++--,(+x^0-x^1+x^2+x^3+x^4+x^5+x^6+x^7+x^8+x^9-x^10)*(1-x^6) +(-x^11+x^12+x^13+x^14-x^15-x^16),6
2575/7168,+--+++-------+++-,(+x^0-x^1-x^2+x^3+x^4+x^5-x^6-x^7-x^8-x^9-x^10)*(1-x^6) +(-x^11-x^12+x^13+x^14+x^15-x^16),6
2583/7168,+--+++-+-+-,(+x^0-x^1-x^2+x^3+x^4+x^5-x^6+x^7-x^8+x^9)*(1-x) +(-x^10),1
2601/7168,+--+++-+---+-+-+-,(+x^0-x^1-x^2+x^3+x^4+x^5-x^6+x^7-x^8-x^9-x^10)*(1-x^6) +(+x^11-x^12+x^13-x^14+x^15-x^16),6
2603/7168,+--+++-+-----+++-,(+x^0-x^1-x^2+x^3+x^4+x^5-x^6+x^7-x^8-x^9-x^10)*(1-x^6) +(-x^11-x^12+x^13+x^14+x^15-x^16),6
2611/7168,+--+++-+-+-,(+x^0-x^1-x^2+x^3+x^4+x^5-x^6+x^7-x^8+x^9)*(1-x) +(-x^10),1
2615/7168,+--+++-++--+-+-+-,(+x^0-x^1-x^2+x^3+x^4+x^5-x^6+x^7+x^8-x^9-x^10)*(1-x^6) +(+x^11-x^12+x^13-x^14+x^15-x^16),6
2617/7168,+--++++--++++---+,(+x^0-x^1-x^2+x^3+x^4+x^5+x^6-x^7-x^8+x^9+x^10)*(1-x^6) +(+x^11+x^12-x^13-x^14-x^15+x^16),6
2619/7168,+--++++--+-+-+-+-,(+x^0-x^1-x^2+x^3+x^4+x^5+x^6-x^7-x^8+x^9-x^10)*(1-x^6) +(+x^11-x^12+x^13-x^14+x^15-x^16),6
2621/7168,+--++++--+-+++---,(+x^0-x^1-x^2+x^3+x^4+x^5+x^6-x^7-x^8+x^9-x^10)*(1-x^6) +(+x^11+x^12+x^13-x^14-x^15-x^16),6
2623/7168,+--++++--+--+++--,(+x^0-x^1-x^2+x^3+x^4+x^5+x^6-x^7-x^8+x^9-x^10)*(1-x^6) +(-x^11+x^12+x^13+x^14-x^15-x^16),6
2625/7168,+--++++---+,(+x^0-x^1-x^2+x^3+x^4+x^5+x^6-x^7-x^8-x^9)*(1-x) +(+x^10),1
2627/7168,+--++++---+-+-+-+,(+x^0-x^1-x^2+x^3+x^4+x^5+x^6-x^7-x^8-x^9+x^10)*(1-x^6) +(-x^11+x^12-x^13+x^14-x^15+x^16),6
2629/7168,+--++++----+-+-+-,(+x^0-x^1-x^2+x^3+x^4+x^5+x^6-x^7-x^8-x^9-x^10)*(1-x^6) +(+x^11-x^12+x^13-x^14+x^15-x^16),6
2631/7168,+--++++------+++-,(+x^0-x^1-x^2+x^3+x^4+x^5+x^6-x^7-x^8-x^9-x^10)*(1-x^6) +(-x^11-x^12+x^13+x^14+x^15-x^16),6
2633/7168,+--++++-+-+-+-+-+,(+x^0-x^1-x^2+x^3+x^4+x^5+x^6-x^7+x^8-x^9+x^10)*(1-x^6) +(-x^11+x^12-x^13+x^14-x^15+x^16),6
2635/7168,+--++++-+-+---+++,(+x^0-x^1-x^2+x^3+x^4+x^5+x^6-x^7+x^8-x^9+x^10)*(1-x^6) +(-x^11-x^12-x^13+x^14+x^15+x^16),6
2637/7168,+--++++-+-++---++,(+x^0-x^1-x^2+x^3+x^4+x^5+x^6-x^7+x^8-x^9+x^10)*(1-x^6) +(+x^11-x^12-x^13-x^14+x^15+x^16),6
2639/7168,+--++++-+-+,(+x^0-x^1-x^2+x^3+x^4+x^5+x^6-x^7+x^8-x^9)*(1-x) +(+x^10),1
2641/7168,+--++++-+-+-+-+-+,(+x^0-x^1-x^2+x^3+x^4+x^5+x^6-x^7+x^8-x^9+x^10)*(1-x^6) +(-x^11+x^12-x^13+x^14-x^15+x^16),6
2643/7168,+--++++-+--+-+-+-,(+x^0-x^1-x^2+x^3+x^4+x^5+x^6-x^7+x^8-x^9-x^10)*(1-x^6) +(+x^11-x^12+x^13-x^14+x^15-x^16),6
2645/7168,+--++++-+----+++-,(+x^0-x^1-x^2+x^3+x^4+x^5+x^6-x^7+x^8-x^9-x^10)*(1-x^6) +(-x^11-x^12+x^13+x^14+x^15-x^16),6
2647/7168,+--++++-+-+-+-+-+,(+x^0-x^1-x^2+x^3+x^4+x^5+x^6-x^7+x^8-x^9+x^10)*(1-x^6) +(-x^11+x^12-x^13+x^14-x^15+x^16),6
2649/7168,+--++++-+-+---+++,(+x^0-x^1-x^2+x^3+x^4+x^5+x^6-x^7+x^8-x^9+x^10)*(1-x^6) +(-x^11-x^12-x^13+x^14+x^15+x^16),6
2651/7168,+--++++-+-++---++,(+x^0-x^1-x^2+x^3+x^4+x^5+x^6-x^7+x^8-x^9+x^10)*(1-x^6) +(+x^11-x^12-x^13-x^14+x^15+x^16),6
2653/7168,+--+++++--+,(+x^0-x^1-x^2+x^3+x^4+x^5+x^6+x^7-x^8-x^9)*(1-x) +(+x^10),1
2655/7168,+--+++++--+-+-+-+,(+x^0-x^1-x^2+x^3+x^4+x^5+x^6+x^7-x^8-x^9+x^10)*(1-x^6) +(-x^11+x^12-x^13+x^14-x^15+x^16),6
2657/7168,+--+++++---+-+-+-,(+x^0-x^1-x^2+x^3+x^4+x^5+x^6+x^7-x^8-x^9-x^10)*(1-x^6) +(+x^11-x^12+x^13-x^14+x^15-x^16),6
2659/7168,+--+++++-----+++-,(+x^0-x^1-x^2+x^3+x^4+x^5+x^6+x^7-x^8-x^9-x^10)*(1-x^6) +(-x^11-x^12+x^13+x^14+x^15-x^16),6
2661/7168,+--+++++-+-+-+-+-,(+x^0-x^1-x^2+x^3+x^4+x^5+x^6+x^7-x^8+x^9-x^10)*(1-x^6) +(+x^11-x^12+x^13-x^14+x^15-x^16),6
2663/7168,+--+++++-+-+++---,(+x^0-x^1-x^2+x^3+x^4+x^5+x^6+x^7-x^8+x^9-x^10)*(1-x^6) +(+x^11+x^12+x^13-x^14-x^15-x^16),6
2665/7168,+--+++++-+--+++--,(+x^0-x^1-x^2+x^3+x^4+x^5+x^6+x^7-x^8+x^9-x^10)*(1-x^6) +(-x^11+x^12+x^13+x^14-x^15-x^16),6
2667/7168,+--+++++-+-,(+x^0-x^1-x^2+x^3+x^4+x^5+x^6+x^7-x^8+x^9)*(1-x) +(-x^10),1
2669/7168,+--+++++-+-+-+-+-,(+x^0-x^1-x^2+x^3+x^4+x^5+x^6+x^7-x^8+x^9-x^10)*(1-x^6) +(+x^11-x^12+x^13-x^14+x^15-x^16),6
2671/7168,+--++++++--+-+-+-,(+x^0-x^1-x^2+x^3+x^4+x^5+x^6+x^7+x^8-x^9-x^10)*(1-x^6) +(+x^11-x^12+x^13-x^14+x^15-x^16),6
2673/7168,+--++++++----+++-,(+x^0-x^1-x^2+x^3+x^4+x^5+x^6+x^7+x^8-x^9-x^10)*(1-x^6) +(-x^11-x^12+x^13+x^14+x^15-x^16),6
2675/7168,+--++++++-+-+-+-+,(+x^0-x^1-x^2+x^3+x^4+x^5+x^6+x^7+x^8-x^9+x^10)*(1-x^6) +(-x^11+x^12-x^13+x^14-x^15+x^16),6
2677/7168,+--++++++-+---+++,(+x^0-x^1-x^2+x^3+x^4+x^5+x^6+x^7+x^8-x^9+x^10)*(1-x^6) +(-x^11-x^12-x^13+x^14+x^15+x^16),6
2679/7168,+--++++++-++---++,(+x^0-x^1-x^2+x^3+x^4+x^5+x^6+x^7+x^8-x^9+x^10)*(1-x^6) +(+x^11-x^12-x^13-x^14+x^15+x^16),6
2681/7168,+--+++++++-,(+x^0-x^1-x^2+x^3+x^4+x^5+x^6+x^7+x^8+x^9)*(1-x) +(-x^10),1
2683/7168,+--+++++++-+-+-+-,(+x^0-x^1-x^2+x^3+x^4+x^5+x^6+x^7+x^8+x^9-x^10)*(1-x^6) +(+x^11-x^12+x^13-x^14+x^15-x^16),6
2685/7168,+--++++++++-+-+-+,(+x^0-x^1-x^2+x^3+x^4+x^5+x^6+x^7+x^8+x^9+x^10)*(1-x^6) +(-x^11+x^12-x^13+x^14-x^15+x^16),6
2687/7168,+--++++++++++---+,(+x^0-x^1-x^2+x^3+x^4+x^5+x^6+x^7+x^8+x^9+x^10)*(1-x^6) +(+x^11+x^12-x^13-x^14-x^15+x^16),6
2899/7168,+--+-++++-+-+-+-+,(+x^0-x^1-x^2+x^3-x^4+x^5+x^6+x^7+x^8-x^9+x^10)*(1-x^6) +(-x^11+x^12-x^13+x^14-x^15+x^16),6
2903/7168,+--+-++++-++---++,(+x^0-x^1-x^2+x^3-x^4+x^5+x^6+x^7+x^8-x^9+x^10)*(1-x^6) +(+x^11-x^12-x^13-x^14+x^15+x^16),6
2905/7168,+--+-+++++-,(+x^0-x^1-x^2+x^3-x^4+x^5+x^6+x^7+x^8+x^9)*(1-x) +(-x^10),1
2907/7168,+--+-+++++-+-+-+-,(+x^0-x^1-x^2+x^3-x^4+x^5+x^6+x^7+x^8+x^9-x^10)*(1-x^6) +(+x^11-x^12+x^13-x^14+x^15-x^16),6
2909/7168,+--+-++++++-+-+-+,(+x^0-x^1-x^2+x^3-x^4+x^5+x^6+x^7+x^8+x^9+x^10)*(1-x^6) +(-x^11+x^12-x^13+x^14-x^15+x^16),6
2911/7168,+--+-++++++++---+,(+x^0-x^1-x^2+x^3-x^4+x^5+x^6+x^7+x^8+x^9+x^10)*(1-x^6) +(+x^11+x^12-x^13-x^14-x^15+x^16),6
3087/7168,+---+++-+-+,(+x^0-x^1-x^2-x^3+x^4+x^5+x^6-x^7+x^8-x^9)*(1-x) +(+x^10),1
3109/7168,+---++++-+-+-+-+-,(+x^0-x^1-x^2-x^3+x^4+x^5+x^6+x^7-x^8+x^9-x^10)*(1-x^6) +(+x^11-x^12+x^13-x^14+x^15-x^16),6
3111/7168,+---++++-+-++-,(+x^0-x^1-x^2-x^3+x^4+x^5+x^6+x^7-x^8+x^9-x^10)*(1-x^3) +(+x^11+x^12-x^13),3
3117/7168,+---++++-+-+-+-+-,(+x^0-x^1-x^2-x^3+x^4+x^5+x^6+x^7-x^8+x^9-x^10)*(1-x^6) +(+x^11-x^12+x^13-x^14+x^15-x^16),6
3119/7168,+---++++-++-+-+-+,(+x^0-x^1-x^2-x^3+x^4+x^5+x^6+x^7-x^8+x^9+x^10)*(1-x^6) +(-x^11+x^12-x^13+x^14-x^15+x^16),6
3123/7168,+---+++++-+-+-+-+,(+x^0-x^1-x^2-x^3+x^4+x^5+x^6+x^7+x^8-x^9+x^10)*(1-x^6) +(-x^11+x^12-x^13+x^14-x^15+x^16),6
3125/7168,+---+++++-+--+,(+x^0-x^1-x^2-x^3+x^4+x^5+x^6+x^7+x^8-x^9+x^10)*(1-x^3) +(-x^11-x^12+x^13),3
3127/7168,+---+++++-+-++,(+x^0-x^1-x^2-x^3+x^4+x^5+x^6+x^7+x^8-x^9+x^10)*(1-x^3) +(-x^11+x^12+x^13),3
3129/7168,+---++++++-,(+x^0-x^1-x^2-x^3+x^4+x^5+x^6+x^7+x^8+x^9)*(1-x) +(-x^10),1
3131/7168,+---++++++-+-+-+-,(+x^0-x^1-x^2-x^3+x^4+x^5+x^6+x^7+x^8+x^9-x^10)*(1-x^6) +(+x^11-x^12+x^13-x^14+x^15-x^16),6
3133/7168,+---+++++++-+-+-+,(+x^0-x^1-x^2-x^3+x^4+x^5+x^6+x^7+x^8+x^9+x^10)*(1-x^6) +(-x^11+x^12-x^13+x^14-x^15+x^16),6
3135/7168,+---++++++++-+,(+x^0-x^1-x^2-x^3+x^4+x^5+x^6+x^7+x^8+x^9+x^10)*(1-x^3) +(+x^11-x^12+x^13),3
